-- MySQL dump 10.13  Distrib 8.0.12, for Win64 (x86_64)
--
-- Host: localhost    Database: his
-- ------------------------------------------------------
-- Server version	8.0.11



set global max_allowed_packet = 2*1024*1024*10;
SET NAMES utf8 ;


/*!40101 SET @OLD_CHARACTER_SET_CLIENT=@@CHARACTER_SET_CLIENT */;
/*!40101 SET @OLD_CHARACTER_SET_RESULTS=@@CHARACTER_SET_RESULTS */;
/*!40101 SET @OLD_COLLATION_CONNECTION=@@COLLATION_CONNECTION */;

/*!40103 SET @OLD_TIME_ZONE=@@TIME_ZONE */;
/*!40103 SET TIME_ZONE='+00:00' */;
/*!40014 SET @OLD_UNIQUE_CHECKS=@@UNIQUE_CHECKS, UNIQUE_CHECKS=0 */;
/*!40014 SET @OLD_FOREIGN_KEY_CHECKS=@@FOREIGN_KEY_CHECKS, FOREIGN_KEY_CHECKS=0 */;
/*!40101 SET @OLD_SQL_MODE=@@SQL_MODE, SQL_MODE='NO_AUTO_VALUE_ON_ZERO' */;
/*!40111 SET @OLD_SQL_NOTES=@@SQL_NOTES, SQL_NOTES=0 */;

--
-- Table structure for table `checkapply`
--

DROP TABLE IF EXISTS `checkapply`;
/*!40101 SET @saved_cs_client     = @@character_set_client */;
 SET character_set_client = utf8mb4 ;
CREATE TABLE `checkapply` (
  `id` int(9) NOT NULL AUTO_INCREMENT,
  `Medical_Id` int(9) NOT NULL,
  `Creation_Time` bigint(64) DEFAULT NULL,
  `Total_Sum` decimal(8,2) DEFAULT NULL,
  `Objective` varchar(512) DEFAULT NULL,
  `User_Id` int(9) NOT NULL,
  `state` int(9) NOT NULL,
  `InvoiceId` int(9) DEFAULT NULL,
  `DelMark` int(1) NOT NULL DEFAULT 0,
  PRIMARY KEY (`id`),
  KEY `Index_1` (`id`),
  constraint checkapply_invoice_id_fk
      foreign key (InvoiceId) references invoice (id),
  constraint checkapply_medicalrecord_id_fk
      foreign key (Medical_Id) references medicalrecord (id),
  constraint checkapply_user_id_fk
      foreign key (User_Id) references user (id)
) ENGINE=InnoDB AUTO_INCREMENT=1 DEFAULT CHARSET=utf8;
/*!40101 SET character_set_client = @saved_cs_client */;

--
-- Dumping data for table `checkapply`
--

LOCK TABLES `checkapply` WRITE;
/*!40000 ALTER TABLE `checkapply` DISABLE KEYS */;
/*!40000 ALTER TABLE `checkapply` ENABLE KEYS */;
UNLOCK TABLES;

--
-- Table structure for table `checkdetailed`
--

DROP TABLE IF EXISTS `checkdetailed`;
/*!40101 SET @saved_cs_client     = @@character_set_client */;
 SET character_set_client = utf8mb4 ;
CREATE TABLE `checkdetailed` (
  `id` int(9) NOT NULL AUTO_INCREMENT,
  `CheckAppId` int(9) NOT NULL,
  `CheckProjId` int(9) NOT NULL,
  `DeptId` int(9) DEFAULT NULL,
  `CreationTime` bigint(64) DEFAULT NULL,
  `Position` varchar(512) DEFAULT NULL,
  `State` int(9) NOT NULL,
  `Price` decimal(8,2) DEFAULT NULL,
  `Identification` int(1) NOT NULL,
  `InspectTime` bigint(64) DEFAULT NULL,
  `Result` varchar(512) DEFAULT NULL,
  `ResultTime` bigint(64) DEFAULT NULL,
  `operatorId` int(9) DEFAULT NULL,
  `entryClerkId` int(9) DEFAULT NULL,
  `DelMark` int(1) NOT NULL DEFAULT 0,
  PRIMARY KEY (`id`),
  KEY `Index_1` (`id`),
  constraint checkdetailed_checkapply_id_fk
      foreign key (CheckAppId) references checkapply (id),
  constraint checkdetailed_fmeditem_id_fk
      foreign key (CheckProjId) references fmeditem (id),
  constraint checkdetailed_user_id_fk
      foreign key (operatorId) references user (id),
  constraint checkdetailed_user_id_2_fk
      foreign key (entryClerkId) references user(id),
 constraint checkdetailed_department_id_fk
      foreign key (DeptId) references department(id)

) ENGINE=InnoDB AUTO_INCREMENT=1 DEFAULT CHARSET=utf8;
/*!40101 SET character_set_client = @saved_cs_client */;

--
-- Dumping data for table `checkdetailed`
--

# LOCK TABLES `checkdetailed` WRITE;
# /*!40000 ALTER TABLE `checkdetailed` DISABLE KEYS */;
# /*!40000 ALTER TABLE `checkdetailed` ENABLE KEYS */;
# UNLOCK TABLES;

# --
# -- Table structure for table `checkresult`
# --
#
# DROP TABLE IF EXISTS `checkresult`;
# /*!40101 SET @saved_cs_client     = @@character_set_client */;
#  SET character_set_client = utf8mb4 ;
# CREATE TABLE `checkresult` (
#   `id` int(9) NOT NULL AUTO_INCREMENT,
#   `Case_Number` varchar(64) DEFAULT NULL,
#   `advice` varchar(255) DEFAULT NULL,
#   `result` varchar(255) DEFAULT NULL,
#   PRIMARY KEY (`id`)
# ) ENGINE=InnoDB DEFAULT CHARSET=utf8;
# /*!40101 SET character_set_client = @saved_cs_client */;
#
# --
# -- Dumping data for table `checkresult`
# --
#
# LOCK TABLES `checkresult` WRITE;
# /*!40000 ALTER TABLE `checkresult` DISABLE KEYS */;
# /*!40000 ALTER TABLE `checkresult` ENABLE KEYS */;
# UNLOCK TABLES;

--
-- Table structure for table `constantitem`
--

DROP TABLE IF EXISTS `constantitem`;
/*!40101 SET @saved_cs_client     = @@character_set_client */;
 SET character_set_client = utf8mb4 ;
CREATE TABLE `constantitem` (
  `id` int(9) NOT NULL AUTO_INCREMENT,
  `ConstantTypeId` int(9) NOT NULL,
  `ConstantCode` varchar(64) NOT NULL,
  `ConstantName` varchar(64) NOT NULL,
  `DelMark` int(1) NOT NULL DEFAULT 0,
  PRIMARY KEY (`id`),
  constraint constantitem_constanttype_id_fk
      foreign key (ConstantTypeId) references constanttype (id)
) ENGINE=InnoDB DEFAULT CHARSET=utf8;
/*!40101 SET character_set_client = @saved_cs_client */;

--
-- Dumping data for table `constantitem`
--

LOCK TABLES `constantitem` WRITE;
/*!40000 ALTER TABLE `constantitem` DISABLE KEYS */;
INSERT INTO `constantitem` VALUES (11,1,'NK','内科',0),(12,1,'WK','外科',0),(14,1,'EK','儿科',0),(15,1,'CRBK','传染病科',0),(16,1,'FCK','妇产科',0),(17,1,'NK','男科',0),(18,1,'JSXLK','精神心理科',0),(19,1,'PFXBK','皮肤性病科',0),(20,1,'ZYK','中医科',0),(21,1,'ZLK','肿瘤科',0),(22,1,'GK','骨科',0),(23,1,'WGK','五官科',0),(24,1,'KFYXK','康复医学科',0),(25,1,'MZYXK','麻醉医学科',0),(26,1,'YYK','营养科',0),(27,1,'YJK','医技科',0),(28,1,'YXYXX','医学影像学',0),(29,1,'QTKS','其他科室',0),(51,5,'XJ','现金',0),(52,5,'YBK','医保卡',0),(53,5,'YHK','银行卡',0),(54,5,'XYK','信用卡',0),(55,5,'WX','微信',0),(56,5,'ZFB','支付宝',0),(57,5,'YSF','云闪付',0),(58,5,'QT','其它',0),(71,7,'NAN','男',0),(72,7,'NV','女',0),(81,8,'ZRYS','主任医师',0),(82,8,'FZRYS','副主任医师',0),(83,8,'ZZYS','主治医师',0),(84,8,'ZYYS','住院医师',0),(101,10,'XY','西药',0),(102,10,'ZCY','中成药',0),(103,10,'ZCY','中草药',0),(110,11,'ZJ','针剂',0),(111,11,'PJ','片剂',0),(112,11,'ZYYP','中药饮片',0),(113,11,'SJ','散剂',0),(114,11,'JN','胶囊',0),(115,11,'KLJ','颗粒剂',0),(116,11,'FJ','粉剂',0),(117,11,'BMP','簿膜片',0),(118,11,'RJ','乳剂',0),(119,11,'YJ','液剂',0),(120,11,'NJ','凝胶',0),(121,11,'RGJ','软膏剂',0),(122,11,'QWJ','气雾剂',0),(123,11,'FSP','分散片',0),(124,11,'YPQX','药品器械',0),(125,11,'SJ','栓剂',0),(126,11,'NFSJ','内服水剂',0),(127,11,'PJ','喷剂',0),(128,11,'JJ','胶剂',0),(129,11,'TJ','酊剂',0),(130,11,'DJ','滴剂',0),(131,11,'HSP','缓释片',0),(132,11,'YGZJ','眼膏制剂',0),(133,11,'CRP','肠溶片',0),(134,11,'SJ','霜剂',0),(135,11,'DEJ','滴耳剂',0),(136,11,'HXJ','混悬剂',0),(137,11,'HSJN','缓释胶囊',0),(138,11,'NJJN','凝胶胶囊',0),(139,11,'CJ','擦剂',0),(140,11,'HP','含片',0),(141,11,'GHJ','干混剂',0),(142,11,'XJ','洗剂',0),(143,11,'BPJ','鼻喷剂',0),(144,11,'MJ','膜剂',0),(145,11,'TG','贴膏',0),(146,11,'TJ','贴剂',0),(147,11,'HJ','合剂',0),(148,11,'SJ','湿巾',0),(149,11,'KPJ','口喷剂',0),(150,11,'DSY','大输液',0),(151,11,'YPCL','药品材料',0),(152,11,'KSP','控释片',0),(153,11,'DBJ','滴鼻剂',0),(154,11,'DW','滴丸',0),(155,11,'GTJJ','干糖浆剂',0),(156,11,'WHXRJ','雾化吸入剂',0),(157,11,'YLY','原料药',0),(158,11,'TJJ','糖浆剂',0),(159,11,'RJN','软胶囊',0),(160,11,'DYJ','滴眼剂',0),(161,11,'DGFZ','冻干粉针',0),(162,11,'CJ','冲剂',0),(163,11,'WJ','丸剂',0),(164,11,'KFYL','口服液类',0);
/*!40000 ALTER TABLE `constantitem` ENABLE KEYS */;
UNLOCK TABLES;

--
-- Table structure for table `constanttype`
--

DROP TABLE IF EXISTS `constanttype`;
/*!40101 SET @saved_cs_client     = @@character_set_client */;
 SET character_set_client = utf8mb4 ;
CREATE TABLE `constanttype` (
  `id` int(9) NOT NULL AUTO_INCREMENT,
  `ConstantTypeCode` varchar(64) NOT NULL,
  `ConstantTypeName` varchar(64) NOT NULL,
  `DelMark` int(1) NOT NULL DEFAULT 0,
  PRIMARY KEY (`id`)
) ENGINE=InnoDB DEFAULT CHARSET=utf8;
/*!40101 SET character_set_client = @saved_cs_client */;

--
-- Dumping data for table `constanttype`
--

LOCK TABLES `constanttype` WRITE;
/*!40000 ALTER TABLE `constanttype` DISABLE KEYS */;
INSERT INTO `constanttype` VALUES (1,'DeptCategory','科室分类',0),(5,'FeeType','收费方式',0),(7,'Gender','性别类型',0),(8,'DocTitle','医生职称',0),(10,'Drugs_Type','药品类型',0),(11,'Drugs_Dosage','药品剂型',0);
/*!40000 ALTER TABLE `constanttype` ENABLE KEYS */;
UNLOCK TABLES;

--
-- Table structure for table `department`
--

DROP TABLE IF EXISTS `department`;
/*!40101 SET @saved_cs_client     = @@character_set_client */;
 SET character_set_client = utf8mb4 ;
CREATE TABLE `department` (
  `id` int(9) NOT NULL AUTO_INCREMENT,
  `DeptCode` varchar(64) NOT NULL,
  `DeptName` varchar(64) NOT NULL,
  `DeptCategory` varchar(64) DEFAULT NULL,
  `DeptTypeID` int(9) NOT NULL,
  `DelMark` int(1) NOT NULL DEFAULT 0,
  PRIMARY KEY (`id`),
  KEY `Index_1` (`id`)
) ENGINE=InnoDB AUTO_INCREMENT=1 DEFAULT CHARSET=utf8;
/*!40101 SET character_set_client = @saved_cs_client */;

--
-- Dumping data for table `department`
--

LOCK TABLES `department` WRITE;
/*!40000 ALTER TABLE `department` DISABLE KEYS */;
INSERT INTO `department` VALUES (1,'XXGNK','心血管内科','11',1,0),(2,'SJNK','神经内科','11',1,0),(3,'PTNK','普通内科','11',1,0),(4,'XHNK','消化内科','11',1,0),(5,'HXNK','呼吸内科','11',1,0),(6,'NFMK','内分泌科','11',1,0),(7,'SBNK','肾病内科','11',1,0),(8,'XYNK','血液内科','11',1,0),(9,'GRNK','感染内科','11',1,0),(10,'LNBNK','老年病内科','11',1,0),(11,'FSMYNK','风湿免疫内科','11',1,0),(12,'TXK','透析科','11',1,0),(13,'BTFYK','变态反应科','11',1,0),(14,'PTWK','普通外科','12',1,0),(15,'MNWK','泌尿外科','12',1,0),(16,'SJWK','神经外科','12',1,0),(17,'XWK','胸外科','12',1,0),(18,'ZXWK','整形外科','12',1,0),(19,'GCWK','肛肠外科','12',1,0),(20,'GDWK','肝胆外科','12',1,0),(21,'RXWK','乳腺外科','12',1,0),(22,'XXGWK','心血管外科','12',1,0),(23,'XZWK','心脏外科','12',1,0),(24,'QGYZ','器官移植','12',1,0),(25,'WCWK','微创外科','12',1,0),(26,'GNSJWK','功能神经外科','12',1,0),(27,'XTWK','腺体外科','12',1,0),(28,'EKZH','儿科综合','14',1,0),(29,'XEWK','小儿外科','14',1,0),(30,'ETBJK','儿童保健科','14',1,0),(31,'XSEK','新生儿科','14',1,0),(32,'XEGK','小儿骨科','14',1,0),(33,'XESJNK','小儿神经内科','14',1,0),(34,'XEHXK','小儿呼吸科','14',1,0),(35,'XEXYK','小儿血液科','14',1,0),(36,'XEEBHK','小儿耳鼻喉科','14',1,0),(37,'XEXNK','小儿心内科','14',1,0),(38,'XEKFK','小儿康复科','14',1,0),(39,'XEJSK','小儿精神科','14',1,0),(40,'XESNK','小儿肾内科','14',1,0),(41,'XEXHK','小儿消化科','14',1,0),(42,'XEPFK','小儿皮肤科','14',1,0),(43,'XEJZK','小儿急诊科','14',1,0),(44,'XENFMK','小儿内分泌科','14',1,0),(45,'XEMNWK','小儿泌尿外科','14',1,0),(46,'XEGRK','小儿感染科','14',1,0),(47,'XEXWK01','小儿心外科','14',1,0),(48,'XEXWK02','小儿胸外科','14',1,0),(49,'XESJWK','小儿神经外科','14',1,0),(50,'XEZXK','小儿整形科','14',1,0),(51,'XEFSMYK','小儿风湿免疫科','14',1,0),(52,'XEFK','小儿妇科','14',1,0),(53,'CRK','传染科','15',1,0),(54,'GBK','肝病科','15',1,0),(55,'AZBK','艾滋病科','15',1,0),(56,'CRWZS','传染危重室','15',1,0),(57,'FCKZH','妇产科综合','16',1,0),(58,'FK','妇科','16',1,0),(59,'CK','产科','16',1,0),(60,'JHSYK','计划生育科','16',1,0),(61,'FKNFM','妇科内分泌','16',1,0),(62,'YCZYK','遗传咨询科','16',1,0),(63,'CQJCK','产前检查科','16',1,0),(64,'FMNK','妇泌尿科','16',1,0),(65,'QLX','前列腺','17',1,0),(66,'XGNZA','性功能障碍','17',1,0),(67,'SZQGR','生殖器感染','17',1,0),(68,'NXBY','男性不育','17',1,0),(69,'SZZX','生殖整形','17',1,0),(70,'JSK','精神科','18',1,0),(71,'SFJDK','司法鉴定科','18',1,0),(72,'YWYLK','药物依赖科','18',1,0),(73,'ZYJSK','中医精神科','18',1,0),(74,'SXZAK','双相障碍科','18',1,0),(75,'PFK','皮肤科','19',1,0),(76,'XBK','性病科','19',1,0),(77,'ZYZHK','中医综合科','20',1,0),(78,'ZJK','针灸科','20',1,0),(79,'ZYGK','中医骨科','20',1,0),(80,'ZYFCK','中医妇产科','20',1,0),(81,'ZYWK','中医外科','20',1,0),(82,'ZYEK','中医儿科','20',1,0),(83,'ZYGCK','中医肛肠科','20',1,0),(84,'ZYPFK','中医皮肤科','20',1,0),(85,'ZYWGK','中医五官科','20',1,0),(86,'ZYAMK','中医按摩科','20',1,0),(87,'ZYXHK','中医消化科','20',1,0),(88,'ZYZLK','中医肿瘤科','20',1,0),(89,'ZYXNK','中医心内科','20',1,0),(90,'ZYSJNK','中医神经内科','20',1,0),(91,'ZYSBNK','中医肾病内科','20',1,0),(92,'ZYNFM','中医内分泌','20',1,0),(93,'ZYHXK','中医呼吸科','20',1,0),(94,'ZYGBK','中医肝病科','20',1,0),(95,'ZYNK','中医男科','20',1,0),(96,'ZYFSMYNK','中医风湿免疫内科','20',1,0),(97,'ZYXYK','中医血液科','20',1,0),(98,'ZYRXWK','中医乳腺外科','20',1,0),(99,'ZYLNBK','中医老年病科','20',1,0),(100,'ZLZHK','肿瘤综合科','21',1,0),(101,'ZLNK','肿瘤内科','21',1,0),(102,'FLK','放疗科','21',1,0),(103,'ZLWK','肿瘤外科','21',1,0),(104,'ZLFK','肿瘤妇科','21',1,0),(105,'GZLK','骨肿瘤科','21',1,0),(106,'ZLKFK','肿瘤康复科','21',1,0),(107,'GWK','骨外科','22',1,0),(108,'SWK','手外科','22',1,0),(109,'CSGK','创伤骨科','22',1,0),(110,'JZWK','脊柱外科','22',1,0),(111,'GGJK','骨关节科','22',1,0),(112,'GZSSK','骨质疏松科','22',1,0),(113,'JXGK','矫形骨科','22',1,0),(114,'EBYHTJK','耳鼻咽喉头颈科','23',1,0),(115,'KQK','口腔科','23',1,0),(116,'YK','眼科','23',1,0),(117,'KFK','康复科','24',2,0),(118,'LLK','理疗科','24',2,0),(119,'MZK','麻醉科','25',2,0),(120,'TTK','疼痛科','25',2,0),(121,'YYK','营养科','26',2,0),(122,'GYYK','高压氧科','27',2,0),(123,'GNJCK','功能检查科','27',2,0),(124,'BLK','病理科','27',2,0),(125,'JYK','检验科','27',2,0),(126,'SYZX','实验中心','27',2,0),(127,'XDTK','心电图科','27',2,0),(128,'FSK','放射科','28',2,0),(129,'CSZDK','超声诊断科','28',2,0),(130,'YXYXK','医学影像科','28',2,0),(131,'HY学K','核医学科','28',2,0),(132,'YJK','药剂科','29',2,0),(133,'HLK','护理科','29',2,0),(134,'TJK','体检科','29',2,0),(135,'JZK','急诊科','29',2,0),(136,'GGWSYYFK','公共卫生与预防科','29',2,0),(137,'SBK','设备科','29',4,0),(138,'CWK','财务科','29',3,0);
/*!40000 ALTER TABLE `department` ENABLE KEYS */;
UNLOCK TABLES;

--
-- Table structure for table `diagnosis`
--

DROP TABLE IF EXISTS `diagnosis`;
/*!40101 SET @saved_cs_client     = @@character_set_client */;
 SET character_set_client = utf8mb4 ;
CREATE TABLE `diagnosis` (
  `id` int(9) NOT NULL AUTO_INCREMENT,
  `MedicalId` int(9) NOT NULL,
  `diseaseId` int(9) NOT NULL,
  PRIMARY KEY (`id`),
  constraint diagnosis_disease_id_fk
      foreign key (diseaseId) references disease (id),
  constraint diagnosis_medicalrecord_id_fk
      foreign key (MedicalId) references medicalrecord (id)
) ENGINE=InnoDB AUTO_INCREMENT=1 DEFAULT CHARSET=utf8;
/*!40101 SET character_set_client = @saved_cs_client */;

--
-- Dumping data for table `diagnosis`
--

LOCK TABLES `diagnosis` WRITE;
/*!40000 ALTER TABLE `diagnosis` DISABLE KEYS */;
/*!40000 ALTER TABLE `diagnosis` ENABLE KEYS */;
UNLOCK TABLES;

--
-- Table structure for table `disease`
--

DROP TABLE IF EXISTS `disease`;
/*!40101 SET @saved_cs_client     = @@character_set_client */;
 SET character_set_client = utf8mb4 ;
CREATE TABLE `disease` (
  `id` int(9) NOT NULL AUTO_INCREMENT,
  `DiseaseCode` varchar(64) NOT NULL,
  `DiseaseName` varchar(255) NOT NULL,
  `DiseaseICD` varchar(64) NOT NULL,
  `DiseaseType` varchar(64) NOT NULL,
  `DelMark` int(1) NOT NULL DEFAULT 0,
  PRIMARY KEY (`id`),
  KEY `Index_1` (`id`)
) ENGINE=InnoDB DEFAULT CHARSET=utf8;
/*!40101 SET character_set_client = @saved_cs_client */;

--
-- Dumping data for table `disease`
--

LOCK TABLES `disease` WRITE;
/*!40000 ALTER TABLE `disease` DISABLE KEYS */;
INSERT INTO `disease` VALUES (1,'GDXHL','古典型霍乱','A00.051','140',0),(2,'ZXDXHL','中型[典型]霍乱','A00.052','140',0),(3,'ZXBFXHGXHL','重型[暴发型或干性]霍乱','A00.053','140',0),(4,'QXFDXHL','轻型[非典型]霍乱','A00.151','140',0),(5,'AETHL','埃尔托霍乱','A00.152','140',0),(6,'AETXCY','埃尔托小肠炎','A00.153','33',0),(7,'HL','霍乱 NOS','A00.901','140',0),(8,'SH','伤寒','A01.001','306',0),(9,'SHGJXBXZ','伤寒杆菌性败血症','A01.002','306',0),(10,'SHXNMY','伤寒性脑膜炎','A01.003+','232',0),(11,'SHFY','伤寒肺炎','A01.051+','81',0),(12,'SHFMY','伤寒腹膜炎','A01.052','306',0),(13,'ABTSBSH','埃贝特Eberth`s氏病(伤寒)','A01.053','306',0),(14,'CCXXSH','肠出血性伤寒','A01.054','306',0),(15,'SHXCCK','伤寒性肠穿孔','A01.055','306',0),(16,'CSH','肠伤寒','A01.056','306',0),(17,'SHYXCY','伤寒样小肠炎','A01.057','33',0),(18,'JXFSH','甲型副伤寒','A01.101','306',0),(19,'YXFSH','乙型副伤寒','A01.201','306',0),(20,'BXFSH','丙型副伤寒','A01.301','306',0),(21,'FSH','副伤寒','A01.401','306',0),(22,'QSMSJCY','Ｂ群沙门氏菌肠炎','A02.001','33',0),(23,'QSMSJCY','Ｃ群沙门氏菌肠炎','A02.002','33',0),(24,'AGLSMSJCY','阿哥拉沙门氏菌肠炎','A02.003','33',0),(25,'SMSJXCY','沙门氏菌性肠炎','A02.004','33',0),(26,'SMSJLDXQXCY','沙门氏菌伦敦血清型肠炎','A02.005','33',0),(27,'SMSJWCY','沙门氏菌胃肠炎','A02.006','33',0),(28,'SSHSMSJXCY','鼠伤寒沙门氏菌性肠炎','A02.007','33',0),(29,'YESMSJCY','婴儿沙门氏菌肠炎','A02.008','33',0),(30,'SMSJCDGR','沙门氏菌肠道感染','A02.051','31',0),(31,'SMSJYLSNXCY','沙门氏菌(亚利桑那)小肠炎','A02.052','33',0),(32,'SMSJBXZ','沙门氏菌败血症','A02.101','9',0),(33,'SMSJSSHBYBXZ','沙门氏菌鼠伤寒伴有败血症','A02.102','306',0),(34,'SMSJXFY','沙门氏菌性肺炎','A02.201+','81',0),(35,'SMSJXGJY','沙门氏菌性关节炎','A02.202+','123',0),(36,'SMSJXNMY','沙门氏菌性脑膜炎','A02.203+','232',0),(37,'SMSJXGSY','沙门氏菌性骨髓炎','A02.251+','114',0),(38,'SMSJXSXGJZB','沙门氏菌性肾小管-间质病','A02.252+','161',0),(39,'QTTZDSMSJGR','其他特指的沙门氏菌感染','A02.851','95',0),(40,'SMSJGR','沙门氏菌感染 NOS','A02.901','95',0),(41,'SSHSMSJGR','鼠伤寒沙门氏菌感染','A02.902','306',0),(42,'SMSJSSWZD','沙门氏菌属食物中毒','A02.903','324',0),(43,'SMSZHJLJ','什密氏志贺菌痢疾','A03.001','200',0),(44,'ZHKLZLJYQZHJB','志贺-克鲁泽痢疾[A亚群志贺菌病]','A03.051','200',0),(45,'SMCSDCLJ','施米茨(－施蒂策)痢疾','A03.052','200',0),(46,'FSZHJLJ','弗氏志贺菌痢疾','A03.101','200',0),(47,'XSLSXJXLJ','希斯－罗素细菌性痢疾','A03.151','380',0),(48,'BSZHJLJ','鲍氏志贺菌痢疾','A03.201','200',0),(49,'BYDXJXLJ','波伊德细菌性痢疾','A03.251','380',0),(50,'SNSZHJLJ','宋内氏志贺菌痢疾','A03.301','200',0),(51,'BDXZHJLJ','不定型志贺菌痢疾','A03.801','200',0),(52,'JLHHGR','菌痢混合感染','A03.802','95',0),(53,'QTZHJLJ','其他志贺菌痢疾','A03.851','200',0),(54,'XJXLJ','细菌性痢疾 NOS','A03.901','380',0),(55,'MXXJXLJJXFZ','慢性细菌性痢疾急性发作','A03.902','380',0),(56,'MXQYXXJXLJ','慢性迁延型细菌性痢疾','A03.903','380',0),(57,'MXYFXJL','慢性隐伏型菌痢','A03.904','278',0),(58,'ZDXBFXLJ','中毒性[暴发型]痢疾','A03.905','200',0),(59,'XJXJCY','细菌性结肠炎','A03.951','33',0),(60,'XJXGJYLJ','细菌性关节炎痢疾','A03.952+','123',0),(61,'XSECBYXDCAXSJCY','新生儿肠病原性大肠埃希氏菌肠炎','A04.001','33',0),(62,'CBYXDCAXSJCY','肠病原性大肠埃希氏菌肠炎','A04.002','33',0),(63,'CDYBXDCAXSJGR','肠道原病性大肠埃希氏菌感染','A04.051','31',0),(64,'CDXDCAXSJCY','肠毒性大肠埃希氏菌肠炎','A04.101','33',0),(65,'XSECDXDCAXSJCY','新生儿肠毒性大肠埃希氏菌肠炎','A04.102','33',0),(66,'CDXDCAXSJGR','肠毒性大肠埃希氏菌感染','A04.151','95',0),(67,'QXXDCAXSJCY','侵袭性大肠埃希氏菌肠炎','A04.201','33',0),(68,'XSEQXXDCGJCY','新生儿侵袭性大肠杆菌肠炎','A04.202','33',0),(69,'CXXDCAXSJCY','出血性大肠埃希氏菌肠炎','A04.301','33',0),(70,'XSECXXDCGJCY','新生儿出血性大肠杆菌肠炎','A04.302','33',0),(71,'DCAXSGJXCDGR','大肠埃希氏杆菌性肠道感染','A04.401','31',0),(72,'XSEDCGJCY','新生儿大肠杆菌肠炎','A04.402','33',0),(73,'XSENFXDCGJCY','新生儿粘附性大肠杆菌肠炎','A04.403','33',0),(74,'NFXDCGJCY','粘附性大肠杆菌肠炎','A04.404','33',0),(75,'WQGJCY','弯曲杆菌肠炎','A04.501','33',0),(76,'YESSJCYBXB','耶尔森氏菌肠炎[冰箱病]','A04.601','33',0),(77,'NBSZYBGJCY','难辨梭状芽胞杆菌肠炎','A04.701','33',0),(78,'NBSZYBGJXXCJCY','难辨梭状芽胞杆菌性小肠结肠炎','A04.751','33',0),(79,'BLDBJCY','吡邻单胞菌肠炎','A04.801','33',0),(80,'BXGJXCY','变形杆菌性肠炎','A04.802','33',0),(81,'CQGJCY','产气杆菌肠炎','A04.803','33',0),(82,'CDYYJGR','肠道厌氧菌感染','A04.804','31',0),(83,'FHL','副霍乱','A04.805','140',0),(84,'FRXGJCY','副溶血孤菌肠炎','A04.806','33',0),(85,'JHSPTQJXCY','金黄色葡萄球菌性肠炎','A04.807','33',0),(86,'LNGJXCY','绿脓杆菌性肠炎','A04.808','33',0),(87,'NBYBGJCY','难辨芽胞杆菌肠炎','A04.809','33',0),(88,'SSQDBJCY','嗜水气单胞菌肠炎','A04.810','33',0),(89,'CQJMSZYBGJCQJMGJCY','产气荚膜梭状芽胞杆菌(产气荚膜杆菌)肠炎','A04.851','33',0),(90,'CDGR','肠道感染','A04.901','31',0),(91,'XJXCY','细菌性肠炎 NOS','A04.902','33',0),(92,'GRXFX','感染性腹泻','A04.903','95',0),(93,'PTQJXSWZD','葡萄球菌性食物中毒','A05.001','324',0),(94,'RDZD','肉毒中毒','A05.101','471',0),(95,'RDSZYBGJXSWZD','肉毒梭状芽胞杆菌性食物中毒','A05.151','324',0),(96,'CXXHSXCY','出血性坏死性肠炎','A05.201','33',0),(97,'JXHSXCY','急性坏死性肠炎','A05.202','33',0),(98,'JXCXXHSXCY','急性出血性坏死性肠炎','A05.203','33',0),(99,'HSXCY','坏死性肠炎','A05.251','33',0),(100,'CQJMSZYBGJWEXSZYBGJX','产气夹膜梭状芽胞杆菌[韦尔希梭状芽胞杆菌]性食物中毒','A05.252','324',0),(101,'ZFB','猪腹病','A05.253','264',0),(102,'FRXHJXSWZD','副溶血弧菌性食物中毒','A05.301','324',0),(103,'LYYBGJXSWZD','蜡样芽胞杆菌性食物中毒','A05.451','324',0),(104,'DCGJXSWZD','大肠杆菌性食物中毒','A05.851','324',0),(105,'SYGJXSWZD','嗜盐杆菌性食物中毒','A05.852','324',0),(106,'XJXSWZD','细菌性食物中毒','A05.901','324',0),(107,'SWZD','食物中毒 NOS','A05.951','324',0),(108,'WCXSWZD','胃肠型食物中毒','A05.952','324',0),(109,'XCLCSWZD','香肠(腊肠)食物中毒','A05.953','324',0),(110,'AMBXCY','阿米巴性肠炎','A06.001','33',0),(111,'AMBXJCY','阿米巴性结肠炎','A06.002','33',0),(112,'AMBXLJ','阿米巴性痢疾','A06.003','200',0),(113,'CDAMBB','肠道阿米巴病 NOS','A06.004','31',0),(114,'JXAMBLJ','急性阿米巴痢疾','A06.005','200',0),(115,'JXAMBB','急性阿米巴病','A06.051','1',0),(116,'MXCDAMBB','慢性肠道阿米巴病','A06.101','31',0),(117,'MXAMBXLJ','慢性阿米巴性痢疾','A06.151','200',0),(118,'AMBCKY','阿米巴(肠)溃疡','A06.152','1',0),(119,'MXAMBB','慢性阿米巴病','A06.153','1',0),(120,'MXAMBBCY','慢性阿米巴病肠炎','A06.154','33',0),(121,'FLJXAMBJCY','非痢疾性阿米巴结肠炎','A06.201','33',0),(122,'FLJXAMBCY','非痢疾性阿米巴肠炎','A06.251','33',0),(123,'JXFLJXAMBCY','急性非痢疾性阿米巴肠炎','A06.252','33',0),(124,'MXFLJXAMBCY','慢性非痢疾性阿米巴肠炎','A06.253','33',0),(125,'AMBXRYZAMBL','阿米巴性肉芽肿(阿米巴瘤)','A06.301','1',0),(126,'AMBBCCK','阿米巴病肠穿孔','A06.351','1',0),(127,'CDAMB','肠道阿米巴','A06.352','31',0),(128,'AMBXGNZ','阿米巴性肝脓肿','A06.401','243',0),(129,'GAMBB','肝阿米巴病','A06.402','92',0),(130,'AMBNZ','阿米巴脓肿','A06.451','243',0),(131,'AMBXFNZ','阿米巴性肺脓肿','A06.501+','243',0),(132,'GFAMBNZ','肝肺阿米巴脓肿','A06.502+','243',0),(133,'AMBXNNZ','阿米巴性脑脓肿','A06.651+','243',0),(134,'AMBNHGNZ','阿米巴脑和肝脓肿','A06.652+','243',0),(135,'AMBNHFNZ','阿米巴脑和肺脓肿','A06.653+','243',0),(136,'AMBNHGFNZ','阿米巴脑和肝、肺脓肿','A06.654+','243',0),(137,'AMBXPFKY','阿米巴性皮肤溃疡','A06.701','250',0),(138,'AMBPY','阿米巴皮炎','A06.751','1',0),(139,'FAMBB','肺阿米巴病','A06.801+','1',0),(140,'AMBXLWY','阿米巴性阑尾炎','A06.851','1',0),(141,'AMBXWYY','阿米巴性外阴炎','A06.852','1',0),(142,'AMBXXBY','阿米巴性心包炎','A06.853+','1',0),(143,'AMBXGTY','阿米巴性龟头炎','A06.854+','126',0),(144,'AMBB','阿米巴病 NOS','A06.901','1',0),(145,'XDCB','小袋虫病','A07.001','36',0),(146,'XDCXLJ','小袋虫性痢疾','A07.051','200',0),(147,'JDCBCJDCLBBMCB','贾第虫病(肠贾第虫)[兰伯鞭毛虫病]','A07.101','36',0),(148,'CLXBMCBLSJDBMCB','肠梨形鞭毛虫病[蓝氏贾第鞭毛虫病]','A07.151','36',0),(149,'YBZCB','隐孢子虫病','A07.251','36',0),(150,'DBZQCBQCB','等孢子球虫病(球虫病)','A07.301','36',0),(151,'CDQCB','肠道球虫病','A07.351','31',0),(152,'CDDCB','肠道滴虫病','A07.801','31',0),(153,'RBZCB','肉孢子虫病','A07.802','36',0),(154,'CDMDCB','肠道毛滴虫病','A07.851','31',0),(155,'BMCXFX','鞭毛虫性腹泻','A07.951','91',0),(156,'YSDWXJCY','原生动物性结肠炎','A07.952','33',0),(157,'YSDWXLJ','原生动物性痢疾','A07.953','200',0),(158,'YSDWXFX','原生动物性腹泻','A07.954','91',0),(159,'XZLZBDCY','旋转(轮状)病毒肠炎','A08.001','33',0),(160,'NWKBDCY','诺瓦克病毒肠炎','A08.101','33',0),(161,'LXXEX','流行性恶心','A08.151','68',0),(162,'LXXBDXNWKXWCB','流行性病毒性诺瓦克型胃肠病','A08.152','370',0),(163,'LXXOTZHZBLDLB','流行性呕吐综合征[布拉德利病]','A08.153','268',0),(164,'LXXWCYSPSB','流行性胃肠炎[斯潘塞病]','A08.154','33',0),(165,'XYJGBDXCY','小圆结构病毒性肠炎','A08.155','33',0),(166,'XBDCY','腺病毒肠炎','A08.201','33',0),(167,'LZBDWCY','轮转病毒胃肠炎','A08.351','33',0),(168,'BDXCY','病毒性肠炎','A08.401','33',0),(169,'BDXWCY','病毒性胃肠炎','A08.402','33',0),(170,'CDBDGR','肠道病毒感染','A08.451','31',0),(171,'BDXWCB','病毒性胃肠病','A08.452','370',0),(172,'FJHXWJJZS','肺结核，显微镜检证实','A15.001','171',0),(173,'JHXFXWBXJXWJXTJCZS','结核性肺纤维变性，经显微镜下痰检查证实','A15.051','171',0),(174,'JHXQXJXWJXTJCZS','结核性气胸，经显微镜下痰检查证实','A15.052','171',0),(175,'JHXFYJXWJXTJCZS','结核性肺炎，经显微镜下痰检查证实','A15.053','81',0),(176,'JHXZQGKZJXWJXTJCZS','结核性支气管扩张，经显微镜下痰检查证实','A15.054','171',0),(177,'FJHBJJTPYSZS','肺结核病，仅经痰培养所证实','A15.101','171',0),(178,'JHXFXWBXJJTPYSZS','结核性肺纤维变性，仅经痰培养所证实','A15.151','171',0),(179,'JHXQXJJTPYSZS','结核性气胸，仅经痰培养所证实','A15.152','171',0),(180,'JHXFYJJTPYSZS','结核性肺炎，仅经痰培养所证实','A15.153','81',0),(181,'JHXZQGKZJJTPYSZS','结核性支气管扩张，仅经痰培养所证实','A15.154','171',0),(182,'FJHBJZZXSZS','肺结核病，经组织学所证实','A15.201','171',0),(183,'JHXFXWBXJZZXSZS','结核性肺纤维变性，经组织学所证实','A15.251','171',0),(184,'JHXQXJZZXSZS','结核性气胸，经组织学所证实','A15.252','171',0),(185,'JHXFYJZZXSZS','结核性肺炎，经组织学所证实','A15.253','81',0),(186,'JHXZQGKZJZZXSZS','结核性支气管扩张，经组织学所证实','A15.254','171',0),(187,'FJHBJWTZDFFSZS','肺结核病，经未特指的方法所证实','A15.351','171',0),(188,'JHXFXWBXJWTZDFFSZS','结核性肺纤维变性，经未特指的方法所证实','A15.352','171',0),(189,'JHXQXJWTZDFFSZS','结核性气胸，经未特指的方法所证实','A15.353','171',0),(190,'JHXFYJWTZDFFSZS','结核性肺炎，经未特指的方法所证实','A15.354','81',0),(191,'JHXZQGKZJWTZDFFSZS','结核性支气管扩张，经未特指的方法所证实','A15.355','171',0),(192,'FMLBJJHBJXJXHZZXSZS','肺门淋巴结结核病，经细菌学和组织学所证实','A15.451','171',0),(193,'ZGLBJJHBJXJXHZZXSZS','纵隔淋巴结结核病，经细菌学和组织学所证实','A15.452','171',0),(194,'QGZQGLBJJHBJXJXHZZXS','气管支气管淋巴结结核病，经细菌学和组织学所证实','A15.453','171',0),(195,'FMLBJJHYZS','肺门淋巴结结核,已证实','A15.501','171',0),(196,'ZQGJHBJXJXHZZXSZS','支气管结核病，经细菌学和组织学所证实','A15.551','171',0),(197,'SMJHBJXJXHZZXSZS','声门结核病，经细菌学和组织学所证实','A15.552','171',0),(198,'HJHBJXJXHZZXSZS','喉结核病，经细菌学和组织学所证实','A15.553','133',0),(199,'QGJHBJXJXHZZXSZS','气管结核病，经细菌学和组织学所证实','A15.554','171',0),(200,'JHXXMYJXJXHZZXSZS','结核性胸膜炎，经细菌学和组织学所证实','A15.601','171',0),(201,'JHXNXJXJXHZZXSZS','结核性脓胸，经细菌学和组织学所证实','A15.651','171',0),(202,'YFXHXDJHBJXJXHZZXSZS','原发性呼吸道结核病，经细菌学和组织学所证实','A15.751','171',0),(203,'ZGJHBJXJXHZZSZS','纵隔结核病，经细菌学和组织所证实','A15.851','171',0),(204,'BYJHBJXJXHZZXSZS','鼻咽结核病，经细菌学和组织学所证实','A15.852','16',0),(205,'DRHBDJHBJXJXHZZXSZS','窦(任何鼻窦)结核病，经细菌学和组织学所证实','A15.853','16',0),(206,'BJHBJXJXHZZXSZS','鼻结核病，经细菌学和组织学所证实','A15.854','16',0),(207,'HXJHBJXJXHZZXSZS','呼吸结核病 NOS，经细菌学和组织学所证实','A15.951','171',0),(208,'JHXZQGKZXJXHZZJCWYX','结核性支气管扩张，细菌学和组织检查为阴性','A16.051','171',0),(209,'JHXFXWBXXJXHZZXJCWYX','结核性肺纤维变性，细菌学和组织学检查为阴性','A16.052','171',0),(210,'JHXFYXJXHZZXJCWYX','结核性肺炎，细菌学和组织学检查为阴性','A16.053','81',0),(211,'JHXQXXJXHZZXJCWYX','结核性气胸，细菌学和组织学检查为阴性','A16.054','171',0),(212,'FJHBWXJXHZZXJC','肺结核病，未做细菌学和组织学检查','A16.151','171',0),(213,'JHXZQGKZWXJXHZZXJC','结核性支气管扩张，未做细菌学和组织学检查','A16.152','171',0),(214,'JHXFXWBXWXJXHZZXJC','结核性肺纤维变性，未做细菌学和组织学检查','A16.153','171',0),(215,'JHXFYWXJXHZZXJC','结核性肺炎，未做细菌学和组织学检查','A16.154','81',0),(216,'JHXQXWXJXHZZXJC','结核性气胸，未做细菌学和组织学检查','A16.155','171',0),(217,'FGLXJH','肺干酪性结核','A16.201','171',0),(218,'FJHWTJXJXHZZXDZS','肺结核，未提及细菌学或组织学的证实','A16.202','171',0),(219,'FJHLWTJXJXHZZXDZS','肺结核瘤，未提及细菌学或组织学的证实','A16.203','171',0),(220,'JHXFYGLXFYWTJXJXHZZX','结核性肺炎，未提及细菌学或组织学的证实(干酪性肺炎)','A16.204','81',0),(221,'JHXFXWBXZZXWTJXJXHZZ','结核性肺纤维变性(增殖性)，未提及细菌学或组织学的证实','A16.205','171',0),(222,'JHXZQGKZWTJXJXHZZXDZ','结核性支气管扩张，未提及细菌学或组织学的证实','A16.206','171',0),(223,'JRXFJHWTJXJXHZZXDZS','浸润型肺结核，未提及细菌学或组织学的证实','A16.208','171',0),(224,'KDXFJHWTJXJXHZZXDZS','空洞型肺结核，未提及细菌学或组织学的证实','A16.209','171',0),(225,'ZZXFJHWTJXJXHZZXDZS','增殖型肺结核，未提及细菌学或组织学的证实','A16.210','171',0),(226,'FCXJHXWTJXJXHZZXDZS','结核性肺出血，未提及细菌学或组织学的证实','A16.251','171',0),(227,'JJXFJHWTJXJXHZZXDZS','结节型肺结核，未提及细菌学或组织学的证实','A16.252','171',0),(228,'JHXFNZWTJXJXHZZXDZS','结核性肺脓肿，未提及细菌学或组织学的证实','A16.253','171',0),(229,'JHXQXWTJXJXHZZXDZS','结核性气胸，未提及细菌学或组织学的证实','A16.254','171',0),(230,'XFFJHWTJXJXHZZXDZS','矽肺肺结核，未提及细菌学或组织学的证实','A16.255','171',0),(231,'FMLBJHWTJXJXHZZXDZS','肺门淋巴结核，未提及细菌学或组织学的证实','A16.301','171',0),(232,'JHXZQGLBL','结核性支气管淋巴瘘','A16.302','171',0),(233,'XBLBJJH','胸壁淋巴结结核','A16.303','171',0),(234,'XNLBJHWTJXJXHZZXDZS','胸内淋巴结核，未提及细菌学或组织学的证实','A16.304','171',0),(235,'ZQGLBJJH','支气管淋巴结结核','A16.305','171',0),(236,'ZGLBJHWTJXJXHZZXDZS','纵隔淋巴结核，未提及细菌学或组织学的证实','A16.306','171',0),(237,'QGZQGLBJHWTJXJXHZZXD','气管支气管淋巴结核，未提及细菌学或组织学的证实','A16.351','171',0),(238,'HJHWTJXJXHZZXDZS','喉结核，未提及细菌学或组织学的证实','A16.401','133',0),(239,'HYJH','会厌结核','A16.402','171',0),(240,'QGJHWTJXJXHZZXDZS','气管结核，未提及细菌学或组织学的证实','A16.403','171',0),(241,'GLXQGJH','孤立性气管结核','A16.404','171',0),(242,'GLXQGZQGJH','孤立性气管支气管结核','A16.405','171',0),(243,'ZQGJHWTJXJXHZZXDZS','支气管结核，未提及细菌学或组织学的证实','A16.406','171',0),(244,'ZQGNMJHWTJXJXHZZXDZS','支气管内膜结核，未提及细菌学或组织学的证实','A16.407','171',0),(245,'SMJHBWTJXJXHZZXDZS','声门结核病，未提及细菌学或组织学的证实','A16.451','171',0),(246,'JHXGXXMY','结核性干性胸膜炎','A16.501','171',0),(247,'JHXNXWTJXJXHZZXDZS','结核性脓胸，未提及细菌学或组织学的证实','A16.502','171',0),(248,'JHXSCXXMY','结核性渗出性胸膜炎','A16.503','171',0),(249,'JHXXMYWXWTJXJXHZZXDZ','结核性胸膜炎(Ⅴ型)，未提及细菌学或组织学的证实','A16.504','171',0),(250,'JHXXQJYWTJXJXHZZXDZS','结核性胸腔积液，未提及细菌学或组织学的证实','A16.505','171',0),(251,'XMJHWTJXJXHZZXDZS','胸膜结核，未提及细菌学或组织学的证实','A16.506','171',0),(252,'XMJHLWTJXJXHZZXDZS','胸膜结核瘤，未提及细菌学或组织学的证实','A16.507','171',0),(253,'JHXXMYBJYWTJXJXHZZXD','结核性胸膜炎伴积液，未提及细菌学或组织学的证实','A16.551','171',0),(254,'FYFXJHXFZYFZHZWTJXJX','肺原发性结核性复征(原发综合征)，未提及细菌学或组织学的证实','A16.701','171',0),(255,'YFXFJHWTJXJXHZZXDZS','原发性肺结核，未提及细菌学或组织学的证实','A16.702','171',0),(256,'YFXHXDJHBWTJXJXHZZXD','原发性呼吸道结核病，未提及细菌学或组织学的证实','A16.751','171',0),(257,'YFXJHXXMYWTJXJXHZZXD','原发性结核性胸膜炎，未提及细菌学或组织学的证实','A16.752','171',0),(258,'BJHWTJXJXHZZXDZS','鼻结核，未提及细菌学或组织学的证实','A16.801','16',0),(259,'GLXBDYWTJXJXHZZXDZS','干酪性鼻窦炎，未提及细菌学或组织学的证实','A16.802','16',0),(260,'GLXBYJHXBYWTJXJXHZZX','干酪性鼻炎(结核性鼻炎)，未提及细菌学或组织学的证实','A16.803','16',0),(261,'GJH','膈结核','A16.804','171',0),(262,'XBJHWTJXJXHZZXDZS','胸壁结核，未提及细菌学或组织学的证实','A16.805','171',0),(263,'YBJH','咽部结核','A16.806','171',0),(264,'ZGJHL','纵膈结核瘤','A16.807','171',0),(265,'ZGJHBWTJXJXHZZXDZS','纵膈结核病，未提及细菌学或组织学的证实','A16.851','171',0),(266,'BDDRHBDJHBWTJXJXHZZX','鼻窦道(任何鼻窦)结核病，未提及细菌学或组织学的证实','A16.852','16',0),(267,'BYJHBWTJXJXHZZXDZS','鼻咽结核病，未提及细菌学或组织学的证实','A16.853','16',0),(268,'BDJHWTJXJXHZZXDZS','鼻窦结核，未提及细菌学或组织学的证实','A16.854','16',0),(269,'BTTJHWTJXJXHZZXDZS','扁桃体结核，未提及细菌学或组织学的证实','A16.855','171',0),(270,'JHBWTJXJXHZZXDZS','结核病，未提及细菌学或组织学的证实 NOS','A16.901','171',0),(271,'JHGR','结核感染','A16.902','171',0),(272,'HXDJHBWTJXJXHZZXDZS','呼吸道结核病，未提及细菌学或组织学的证实','A16.951','171',0),(273,'JHXJMY','结核性脊膜炎','A17.001+','171',0),(274,'JHXNJSMY','结核性脑脊髓膜炎','A17.002+','171',0),(275,'JHXNMY','结核性脑膜炎','A17.003+','171',0),(276,'JHXZWMY','结核性蛛网膜炎','A17.051+','171',0),(277,'JHXRNMY','结核性柔脑膜炎','A17.052+','171',0),(278,'NMJHL','脑膜结核瘤','A17.151+','171',0),(279,'NJMHL','脑脊膜核瘤','A17.152+','234',0),(280,'JHXNMNY','结核性脑膜脑炎','A17.801+','171',0),(281,'JHXNNZ','结核性脑脓肿','A17.802+','171',0),(282,'JHXNRYZ','结核性脑肉芽肿','A17.803+','171',0),(283,'JHXNY','结核性脑炎','A17.804+','171',0),(284,'JHXNJSMYYJMW','结核性脑脊髓膜炎(硬脊膜外)','A17.805+','171',0),(285,'NJHL','脑结核瘤','A17.806+','171',0),(286,'ZSSJXTJH','中枢神经系统结核','A17.807+','313',0),(287,'JHXJSY','结核性脊髓炎','A17.851+','171',0),(288,'JSJHB','脊髓结核病','A17.852+','171',0),(289,'JHXDSJB','结核性多神经病','A17.853+','313',0),(290,'SJXTJHB','神经系统结核病 NOS','A17.951+','313',0),(291,'BGJH','鼻骨结核','A18.001+','16',0),(292,'EGJH','腭骨结核','A18.002+','171',0),(293,'HGJH','颌骨结核','A18.003+','171',0),(294,'RTJH','乳突结核','A18.004+','171',0),(295,'XHJH','下颌结核','A18.005+','171',0),(296,'QGJH','颧骨结核','A18.006+','171',0),(297,'GZJH','颈椎结核','A18.007+','171',0),(298,'JGJJH','肩关节结核','A18.008+','123',0),(299,'WGJJH','腕关节结核','A18.009+','123',0),(300,'XZJH','胸椎结核','A18.010+','171',0),(301,'YZJH','腰椎结核','A18.011+','171',0),(302,'ZZGJJH','跖趾关节结核','A18.012+','123',0),(303,'JZJHXJTBTSJT','脊柱结核性截瘫(波特氏截瘫)','A18.013+','171',0),(304,'DQGJJH','骶髂关节结核','A18.014+','123',0),(305,'JHXFSBPSSB','结核性风湿病[篷塞氏病]','A18.015+','171',0),(306,'JZJHXNZ','脊柱结核性脓肿','A18.016+','171',0),(307,'HMJH','滑膜结核','A18.017+','171',0),(308,'JZJHBZPNZ','脊椎结核并椎旁脓肿','A18.018+','171',0),(309,'GJJHXNZGJHXNZ','关节结核性脓肿(关节寒性脓肿)','A18.019+','123',0),(310,'JHXJZHT','结核性脊柱后凸','A18.020+','171',0),(311,'GJJH','关节结核','A18.021+','123',0),(312,'ZGJJH','肘关节结核','A18.022+','123',0),(313,'KGJJH','髋关节结核','A18.023+','123',0),(314,'KJHXHMY','髋结核性滑膜炎','A18.024+','171',0),(315,'HGJJH','踝关节结核','A18.025+','123',0),(316,'CGJH','耻骨结核','A18.026+','171',0),(317,'LGJH','肋骨结核','A18.027+','171',0),(318,'XGJJH','膝关节结核','A18.028+','123',0),(319,'XJHXHMY','膝结核性滑膜炎','A18.029+','171',0),(320,'GGJH','肱骨结核','A18.031+','171',0),(321,'GGJH','股骨结核','A18.032+','171',0),(322,'ZGJH','趾骨结核','A18.033+','171',0),(323,'ZTGJH','肢体骨结核','A18.034+','171',0),(324,'GJH','骨结核','A18.035+','171',0),(325,'CGJH','尺骨结核','A18.036+','171',0),(326,'FGJH','腓骨结核','A18.037+','171',0),(327,'JGJH','胫骨结核','A18.038+','171',0),(328,'GGJH','跟骨结核','A18.039+','171',0),(329,'YBJHXDD','腰部结核性窦道','A18.040+','171',0),(330,'JHXGJY','结核性关节炎','A18.041+','123',0),(331,'DSXGJH','第三楔骨结核','A18.042+','171',0),(332,'JJJH','肌腱结核','A18.043+','171',0),(333,'ZGJH','掌骨结核','A18.044+','171',0),(334,'QTGJH','其他骨结核','A18.045+','171',0),(335,'JZJH','脊柱结核','A18.046+','171',0),(336,'JHXRTY','结核性乳突炎','A18.051+','171',0),(337,'GGJJH','骨关节结核','A18.052+','123',0),(338,'JHXXBNZJHXBKSNZ','结核性膝部囊肿[结核性贝克氏囊肿]','A18.053+','171',0),(339,'XGJJHBLDXC','膝关节结核伴瘘道形成','A18.054+','123',0),(340,'BTWQJZ','波特弯曲(脊柱)','A18.055+','154',0),(341,'JHXJZL','结核性脊柱裂','A18.056+','171',0),(342,'JHXZGNNZ','结核性椎管内脓肿','A18.057+','171',0),(343,'XZJHBNZ','胸椎结核伴脓肿','A18.058+','171',0),(344,'YZJHBNZ','腰椎结核伴脓肿','A18.059+','171',0),(345,'YZJHBLDXC','腰椎结核伴瘘道形成','A18.060+','171',0),(346,'DGZGJH','多个椎骨结核','A18.061+','171',0),(347,'JHXHMY','结核性滑膜炎','A18.062+','171',0),(348,'JHXJQY','结核性腱鞘炎','A18.063+','171',0),(349,'ZZGJJH','指(趾)关节结核','A18.064+','123',0),(350,'JHXGSY','结核性骨髓炎','A18.065+','171',0),(351,'XGJH','胸骨结核','A18.066+','171',0),(352,'ZGJH','指骨结核','A18.067+','171',0),(353,'ZGJH','跖骨结核','A18.068+','171',0),(354,'FGJH','跗骨结核','A18.069+','171',0),(355,'QTTZGJH','其他特指骨结核','A18.070+','171',0),(356,'JHXGHS','结核性骨坏死','A18.071+','171',0),(357,'MNSZXJH','泌尿生殖系结核','A18.101','171',0),(358,'BGJH','膀胱结核','A18.102+','171',0),(359,'MNXJH','泌尿系结核','A18.103','171',0),(360,'ZGNMJH','子宫内膜结核','A18.104+','171',0),(361,'FGJH','附睾结核','A18.105+','171',0),(362,'GWJH','睾丸结核','A18.106+','171',0),(363,'NXPQJH','女性盆腔结核','A18.107+','171',0),(364,'ZGGJH','子宫颈结核','A18.108+','171',0),(365,'YJJH','阴茎结核','A18.109+','171',0),(366,'LCJH','卵巢结核','A18.110+','171',0),(367,'QLXJH','前列腺结核','A18.111+','171',0),(368,'SJH','肾结核','A18.112+','171',0),(369,'JHXSNZ','结核性肾脓肿','A18.113+','171',0),(370,'SJGJH','输精管结核','A18.114+','171',0),(371,'SLGJH','输卵管结核','A18.115+','171',0),(372,'JHXSNGXZ','结核性输尿管狭窄','A18.116+','171',0),(373,'SNGJH','输尿管结核','A18.117+','171',0),(374,'JNJH','精囊结核','A18.118+','171',0),(375,'JHXSYJS','结核性肾盂积水','A18.151+','171',0),(376,'JHXSYSY','结核性肾盂(肾)炎','A18.152+','171',0),(377,'FGJHXDD','附睾结核性窦道','A18.156+','171',0),(378,'NXSZQGJH','男性生殖器官结核','A18.157+','171',0),(379,'NSZQJH','女生殖器结核','A18.159+','171',0),(380,'DGLSXWJHB','道格拉斯陷窝结核病','A18.160+','171',0),(381,'FGGLBJH','腹股沟淋巴结核','A18.201','171',0),(382,'HXLBJJH','颌下淋巴结结核','A18.202','171',0),(383,'JHXLBGY','结核性淋巴管炎','A18.203','171',0),(384,'GBLBJJH','颈部淋巴结结核','A18.204','171',0),(385,'KXLBJJH','颏下淋巴结结核','A18.205','171',0),(386,'LBJH','淋巴结核','A18.206','171',0),(387,'SXLBJH','腮腺淋巴结核','A18.207','171',0),(388,'SGSLBJH','锁骨上淋巴结核','A18.208','171',0),(389,'YXWLBJJH','腋下(窝)淋巴结结核','A18.209','171',0),(390,'ZWLBJJH','周围淋巴结结核','A18.210','171',0),(391,'JHJJ','结核结节','A18.251','171',0),(392,'JHXMGBLBJY','结核性面颈部淋巴结炎','A18.252','171',0),(393,'JHXLBXY','结核性淋巴腺炎','A18.253','171',0),(394,'CJH','肠结核','A18.301+','171',0),(395,'CXMJH','肠系膜结核','A18.302+','171',0),(396,'CXMLBJJH','肠系膜淋巴结结核','A18.303+','171',0),(397,'FMJH','腹膜结核','A18.304+','171',0),(398,'JHXGL','结核性肛瘘','A18.305+','171',0),(399,'QWJH','髂窝结核','A18.306+','171',0),(400,'JHXFMY','结核性腹膜炎','A18.307+','171',0),(401,'FMHLBJJH','腹膜后淋巴结结核','A18.308','171',0),(402,'FQJH','腹腔结核','A18.309+','171',0),(403,'FQLBJH','腹腔淋巴结核','A18.310','171',0),(404,'GMLBJH','肝门淋巴结核','A18.311','171',0),(405,'JHXFS','结核性腹水','A18.312','171',0),(406,'JHXCY','结核性肠炎','A18.351+','33',0),(407,'GMJHB','肛门结核病','A18.352+','171',0),(408,'ZCJHB','直肠结核病','A18.353+','171',0),(409,'BSXSLXLC','播散性粟粒性狼疮','A18.401','250',0),(410,'FBJH','腹壁结核','A18.402','171',0),(411,'FBJHXDD','腹部结核性窦道','A18.403','171',0),(412,'JHXJJXHBYHBBZSB','结核性结节性红斑[硬红斑、巴赞氏病]','A18.404','171',0),(413,'JHXPFNZ','结核性皮肤脓肿','A18.405','171',0),(414,'JZYJHZ','酒渣样结核疹','A18.406','171',0),(415,'PFHPXZZJH','皮肤和皮下组织结核','A18.407','171',0),(416,'PFJH','皮肤结核','A18.408','171',0),(417,'PXZZJHXDD','皮下组织结核性窦道','A18.409','171',0),(418,'TBJH','臀部结核','A18.410','171',0),(419,'XCXLC','寻常性狼疮','A18.411','250',0),(420,'JHXPFBH','结核性皮肤瘢痕','A18.451','171',0),(421,'PFLLJH','皮肤瘰疠(结核)','A18.452','171',0),(422,'YHXPJH','硬化性皮结核','A18.453','171',0),(423,'PXJH','皮下结核','A18.454','171',0),(424,'JHZ','结核疹','A18.455','171',0),(425,'JHXLC','结核性狼疮','A18.456','171',0),(426,'FSXLC','腐蚀性狼疮','A18.457','250',0),(427,'XCYJDLC','寻常眼睑的狼疮','A18.458+','430',0),(428,'YJJH','眼睑结核','A18.459+','430',0),(429,'YJH','眼结核','A18.501','430',0),(430,'YKJH','眼眶结核','A18.502','430',0),(431,'GMJH','巩膜结核','A18.503+','171',0),(432,'JMJH','角膜结核','A18.504+','171',0),(433,'JHXSSJMLMY','结核性视神经脉络膜炎','A18.505+','313',0),(434,'JHXPTMY','结核性葡萄膜炎','A18.506+','171',0),(435,'JHXSWMJMZWY','结核性视网膜静脉周围炎','A18.507+','171',0),(436,'JMJH','结膜结核','A18.508+','171',0),(437,'MLMJH','脉络膜结核','A18.509+','171',0),(438,'MLMJHL','脉络膜结核瘤','A18.510+','171',0),(439,'SSJJH','视神经结核','A18.511+','313',0),(440,'SWMJH','视网膜结核','A18.512+','171',0),(441,'JHXLNY','结核性泪囊炎','A18.551+','171',0),(442,'JHXGMWCY','结核性巩膜外层炎','A18.552+','171',0),(443,'JHXJZXJMY','结核性间质性角膜炎','A18.553+','171',0),(444,'JHXJMJMYJZXXPX','结核性角膜结膜炎(间质性)(小泡性)','A18.554+','171',0),(445,'JHXHMJZTY','结核性虹膜睫状体炎','A18.555+','171',0),(446,'JHXMLMSWMY','结核性脉络膜视网膜炎','A18.556+','171',0),(447,'WEDJH','外耳道结核','A18.601','70',0),(448,'ZEJH','中耳结核','A18.602','70',0),(449,'JHXZEY','结核性中耳炎','A18.603+','70',0),(450,'EJH','耳结核','A18.651+','70',0),(451,'SSXJH','肾上腺结核','A18.701+','171',0),(452,'SSXJHBADS','肾上腺结核病[艾迪生]','A18.751+','171',0),(453,'ADSJHBHBB','艾迪生结核病黑病变','A18.752+','171',0),(454,'JHXSSXJNJT','结核性肾上腺机能减退','A18.753+','171',0),(455,'JHXSSXJNZA','结核性肾上腺机能障碍','A18.754+','171',0),(456,'FWJH','肺外结核','A18.801','171',0),(457,'RXJH','乳腺结核','A18.802','171',0),(458,'SJH','舌结核','A18.803+','171',0),(459,'ZJH','足结核','A18.804','171',0),(460,'CTJH','垂体结核','A18.805+','171',0),(461,'CJH','唇结核','A18.806+','171',0),(462,'DNJH','胆囊结核','A18.807+','53',0),(463,'GJH','肝结核','A18.808+','171',0),(464,'HXXJH','颌下腺结核','A18.809+','171',0),(465,'JJH','肌结核','A18.810+','171',0),(466,'JZXJH','甲状腺结核','A18.811+','171',0),(467,'JDZZJH','结缔组织结核','A18.812+','171',0),(468,'JHXFZDMY','结核性腹主动脉炎','A18.813+','171',0),(469,'SGJHJHXSGY','食管结核(结核性食管炎)','A18.814+','171',0),(470,'JHXXBJY','结核性心包积液','A18.815+','171',0),(471,'XBJHJHXXBY','心包结核(结核性心包炎)','A18.816+','171',0),(472,'XJJHJHXXJY','心肌结核(结核性心肌炎)','A18.817+','171',0),(473,'JHXXNMY','结核性心内膜炎','A18.818+','171',0),(474,'JJJJH','咀嚼肌结核','A18.819+','171',0),(475,'PJH','脾结核','A18.820+','171',0),(476,'SXJH','腮腺结核','A18.821+','171',0),(477,'SBNCHWJJH','上臂内侧横纹肌结核','A18.822+','171',0),(478,'WJH','胃结核','A18.823+','171',0),(479,'XDJJH','胸大肌结核','A18.824+','171',0),(480,'YYJH','牙龈结核','A18.825+','171',0),(481,'YBJHXNZ','腰部结核性脓肿','A18.826+','171',0),(482,'YDJJHXNZ','腰大肌结核性脓肿','A18.827+','171',0),(483,'YJJH','腰肌结核','A18.828+','171',0),(484,'YXJH','胰腺结核','A18.829+','171',0),(485,'JHXDNDMY','结核性大脑动脉炎','A18.851+','171',0),(486,'JHXDMNMY','结核性动脉内膜炎','A18.852+','171',0),(487,'JHXGGY','结核性肝(肝炎)','A18.853+','93',0),(488,'HXLBJH','颌下淋巴结核','A18.855+','171',0),(489,'QAJHXNZQYJ','髂凹结核性脓肿(髂腰肌)','A18.856+','171',0),(490,'TBJRJHXNZ','臀部肌肉结核性脓肿','A18.857+','171',0),(491,'JXSLXFJH','急性粟粒性肺结核','A19.001','171',0),(492,'JXXXBSXFJH','急性血行播散型肺结核','A19.051','171',0),(493,'JXBSXDJMY','急性播散性多浆膜炎','A19.151','164',0),(494,'JXDFXJHB','急性多发性结核病','A19.152','171',0),(495,'JXSLXJHB','急性粟粒性结核病','A19.251','171',0),(496,'MXSLXFJH','慢性粟粒性肺结核','A19.801','171',0),(497,'YJXSLXFJH','亚急性粟粒性肺结核','A19.802','171',0),(498,'YJXXXBSXFJH','亚急性血行播散型肺结核','A19.851','171',0),(499,'MXJHXDJMY','慢性结核性多浆膜炎','A19.852','171',0),(500,'MXXXBSXFJH','慢性血行播散型肺结核','A19.853','171',0),(501,'MXDFXJHB','慢性多发性结核病','A19.854','171',0),(502,'SLXNMJH','粟粒性脑膜结核','A19.855+','171',0),(503,'SLXJHB','粟粒性结核病','A19.901','171',0),(504,'JHXDJMY','结核性多浆膜炎','A19.902','171',0),(505,'JXXEXDFXJMY','进行性恶性多发性浆膜炎','A19.903','164',0),(506,'QSXSLXJHB','全身性粟粒性结核病','A19.904','171',0),(507,'DXTJH','多系统结核','A19.951','171',0),(508,'DFXJHB','多发性结核病','A19.952','171',0),(509,'FGGLBJYXSY','腹股沟淋巴结炎性鼠疫','A20.051','335',0),(510,'FWZPXXSY','蜂窝织皮下型鼠疫','A20.151','335',0),(511,'FYXSY','肺炎型鼠疫','A20.251','81',0),(512,'JFXFYXSY','继发性肺炎型鼠疫','A20.252','81',0),(513,'YFXFYXSY','原发性肺炎型鼠疫','A20.253','81',0),(514,'SYXNMY','鼠疫型脑膜炎','A20.351','232',0),(515,'BXZXSY','败血症性鼠疫','A20.751','9',0),(516,'DCXSY','顿挫性鼠疫','A20.851','335',0),(517,'WZZXSY','无症状性鼠疫','A20.852','335',0),(518,'QSY','轻鼠疫','A20.853','335',0),(519,'SY','鼠疫 NOS','A20.901','335',0),(520,'KYLBXXTLJB','溃疡淋巴腺型土拉菌病','A21.051','359',0),(521,'YTLJB','眼土拉菌病','A21.151','430',0),(522,'YXXTLJB','眼腺型土拉菌病','A21.152','430',0),(523,'FTLJB','肺土拉菌病','A21.251','359',0),(524,'FBTLJB','腹部土拉菌病','A21.351','359',0),(525,'WCTLJB','胃肠土拉菌病','A21.352','370',0),(526,'QSXTLJB','全身性土拉菌病','A21.751','359',0),(527,'QTXSDTLJB','其他形式的土拉菌病','A21.851','359',0),(528,'TRB','兔热病','A21.901','268',0),(529,'TLJR','土拉菌热','A21.951','271',0),(530,'PFTJ','皮肤炭疽','A22.051','250',0),(531,'EXNP','恶性脓疱','A22.052','242',0),(532,'EXY','恶性痈','A22.053','451',0),(533,'FTJ','肺炭疽','A22.101','346',0),(534,'TJFY','炭疽肺炎','A22.102+','81',0),(535,'EXTJDMGB','恶性炭疽(栋毛工病))','A22.151','346',0),(536,'JPLRB','捡破烂人病','A22.152','268',0),(537,'XRXTJ','吸入性炭疽','A22.153','346',0),(538,'WCTJ','胃肠炭疽','A22.251','370',0),(539,'CTJ','肠炭疽','A22.252','346',0),(540,'TJXBXZ','炭疽性败血症','A22.751','9',0),(541,'TJNMY','炭疽脑膜炎','A22.851+','232',0),(542,'TJ','炭疽 NOS','A22.901','346',0),(543,'ZBLTRXBY','直布罗陀热(西班牙)','A23.051','425',0),(544,'DZHR','地中海热','A23.052','271',0),(545,'METBLSJB','马耳他布鲁氏菌病','A23.053','70',0),(546,'SPLSBZR','塞普路斯波状热','A23.054','271',0),(547,'LCBLSJB','流产布鲁氏菌病','A23.151','215',0),(548,'ZBLSJB','猪布鲁氏菌病','A23.251','215',0),(549,'QBLSJB','犬布鲁氏菌病','A23.351','215',0),(550,'QTBLSJB','其他布鲁氏菌病','A23.851','215',0),(551,'BLSGJBBZR','布鲁氏杆菌病[波状热]','A23.901','188',0),(552,'BLSGJXGJY','布鲁氏杆菌性关节炎','A23.902+','123',0),(553,'BLSGJXYSSMY','布鲁氏杆菌性眼色素膜炎','A23.903+','430',0),(554,'METR','马耳他热','A23.951','70',0),(555,'BJJDBJGR','鼻疽假单胞菌感染','A24.051','16',0),(556,'BJ','鼻疽','A24.052','16',0),(557,'LBJBXZ','类鼻疽败血症','A24.151','16',0),(558,'LTJFY','类炭疽肺炎','A24.152','81',0),(559,'JXHBFXLBJ','急性和暴发性类鼻疽','A24.153','16',0),(560,'MXLBJ','慢性类鼻疽','A24.251','16',0),(561,'YJXLBJ','亚急性类鼻疽','A24.252','16',0),(562,'QTLBJ','其他类鼻疽','A24.351','16',0),(563,'JBJJDBJGR','假鼻疽假单胞菌感染','A24.451','16',0),(564,'HTMER','惠特莫尔热','A24.452','271',0),(565,'LJB','螺菌病','A25.051','188',0),(566,'LGJB','链杆菌病','A25.151','188',0),(567,'LGJXSYR','链杆菌性鼠咬热','A25.152','271',0),(568,'LXXGJHBHFS','流行性关节红斑[哈弗山]','A25.153','123',0),(569,'SYR','鼠咬热 NOS','A25.901','271',0),(570,'PFLDD','皮肤类丹毒','A26.051','250',0),(571,'YZXHB','游走性红斑','A26.052','250',0),(572,'DDJSBXB','丹毒菌丝败血病','A26.751','8',0),(573,'QTXSLDD','其他形式类丹毒','A26.851','278',0),(574,'LDD','类丹毒 NOS','A26.901','278',0),(575,'CXXHDGDLXTBFEDB','出血性黄疸钩端螺旋体病[菲尔德病]','A27.001','216',0),(576,'LGSHXGDLXTB','流感伤寒型钩端螺旋体病','A27.801','306',0),(577,'NFGDLXTGR','南方钩端螺旋体感染','A27.802','95',0),(578,'BMNGDLXTB','波蒙纳钩端螺旋体病','A27.851','216',0),(579,'QGDLXTB','犬钩端螺旋体病','A27.852','216',0),(580,'QRRGDLXTB','七日热[钩端螺旋体病]','A27.853','216',0),(581,'GDLXTNMY','钩端螺旋体脑膜炎','A27.854+','232',0),(582,'GDLXTB','钩端螺旋体病 NOS','A27.901','216',0),(583,'BSDJB','巴斯德菌病','A28.051','188',0),(584,'MZBR','猫抓病(热)','A28.101','268',0),(585,'CWYESJB','肠外耶尔森菌病','A28.251','188',0),(586,'QTTZDDWCRDXJXJB','其他特指的动物传染的细菌性疾病，NEC','A28.851','380',0),(587,'DWCRDXJXJB','动物传染的细菌性疾病 NOS','A28.951','380',0),(588,'YXMF','Ⅰ型麻风','A30.051','218',0),(589,'WDXMF','未定型麻风','A30.052','218',0),(590,'LJHXMF','类结核型麻风','A30.101','171',0),(591,'XMF','ＴＴ型麻风','A30.151','218',0),(592,'JHYXMF','结核样型麻风','A30.152','171',0),(593,'XMF','ＢＴ型麻风','A30.251','218',0),(594,'JJHYXZJXMF','近结核样型中间型麻风','A30.252','171',0),(595,'ZJXMF','中间型麻风','A30.351','218',0),(596,'XMF','ＢＢ型麻风','A30.352','218',0),(597,'SXXJRXSJYXMF','双型性(浸润性)(神经炎性)麻风','A30.353','313',0),(598,'HHXMF','混合性麻风','A30.354','218',0),(599,'JLXZJXMF','近瘤型中间型麻风','A30.451','218',0),(600,'XMF','ＢＬ型麻风','A30.452','218',0),(601,'LXMF','瘤型麻风','A30.501','218',0),(602,'XMF','ＬＬ型麻风','A30.551','218',0),(603,'JJXMF','结节性麻风','A30.552','218',0),(604,'QTTZXSMF','其他特指形式麻风','A30.851','218',0),(605,'MF','麻风 NOS','A30.901','218',0),(606,'BZXMF','斑疹性麻风','A30.951','218',0),(607,'MMXMF','麻木型麻风','A30.952','218',0),(608,'SJXMF','神经型麻风','A30.953','313',0),(609,'FFDXFZGJB','肺非典型分支杆菌病','A31.001','188',0),(610,'FFZGJGR','肺分支杆菌感染','A31.002','95',0),(611,'XBNBDGJFZGJGR','细胞内[巴蒂杆菌]分支杆菌感染','A31.053','95',0),(612,'NXJHFZGJGR','鸟型结核分支杆菌感染','A31.054','171',0),(613,'PFFZGJGR','皮肤分枝杆菌感染','A31.151','250',0),(614,'BLLKY','伯鲁里溃疡','A31.152','195',0),(615,'KYFZGJGR','溃疡分支杆菌感染','A31.153','95',0),(616,'CYFZGJGR','次要分支杆菌感染','A31.851','95',0),(617,'TFZGJSGR','土分枝杆菌属感染','A31.852','95',0),(618,'OFFZGJGR','偶发分支杆菌感染','A31.853','95',0),(619,'FDXXFZGJGR','非典型性分枝杆菌感染 NOS','A31.901','95',0),(620,'MFFZGJGR','麻风分支杆菌感染','A31.951','218',0),(621,'FZGJB','分枝杆菌病','A31.952','188',0),(622,'PFLSTJB','皮肤利斯特菌病','A32.051','250',0),(623,'LSTJXDHXBZDZNMYJDDN','利斯特菌性单核细胞增多症脑膜炎(基底)(大脑)','A32.151+','232',0),(624,'LSTJNYJSYHNJSY','利斯特菌脑炎、脊髓炎和脑脊髓炎','A32.152+','234',0),(625,'LSTJXNMNY','利斯特菌性脑膜脑炎','A32.153+','232',0),(626,'LSTJBXB','利斯特菌败血病','A32.751','8',0),(627,'LSTJXNMY','利斯特菌心内膜炎','A32.851+','401',0),(628,'LSTJBXDNDMY','利斯特菌病性大脑动脉炎','A32.852+','234',0),(629,'YXLSTJB','眼腺利斯特菌病','A32.853','430',0),(630,'LSTJBLSTSJB','利斯特菌病[李司忒氏菌病] NOS','A32.901','188',0),(631,'XSEPSF','新生儿破伤风','A33.X01','257',0),(632,'CHCRQFMPSF','产后(产褥期)(分娩)破伤风','A34.X51','257',0),(633,'PSFBYLCHYWRS','破伤风伴有流产或异位妊娠','A34.X52','257',0),(634,'PSF','破伤风 NOS','A35.X01','257',0),(635,'QZXPSF','强直性破伤风','A35.X51','257',0),(636,'BHXBTTY','白喉性扁桃体炎','A36.051','133',0),(637,'BTTBH','扁桃体白喉','A36.052','133',0),(638,'BHXMXHY','白喉性膜性喉炎','A36.053','133',0),(639,'BHXMXXY','白喉性膜性峡炎','A36.054','133',0),(640,'YBH','咽白喉','A36.055','133',0),(641,'BYBH','鼻咽白喉','A36.101','133',0),(642,'HBH','喉白喉','A36.201','133',0),(643,'BHXHQGY','白喉性喉气管炎','A36.251','133',0),(644,'PFBH','皮肤白喉','A36.301','133',0),(645,'BHGRSK','白喉感染伤口','A36.352','133',0),(646,'BSXBH','播散性白喉','A36.801','133',0),(647,'BHXDSJY','白喉性多神经炎','A36.802+','313',0),(648,'BHXXJY','白喉性心肌炎','A36.803+','133',0),(649,'QBBH','前鼻白喉','A36.851','133',0),(650,'BHXJMY','白喉性结膜炎','A36.852+','133',0),(651,'BHXXNMY','白喉性心内膜炎','A36.853+','133',0),(652,'BH','白喉 NOS','A36.901','133',0),(653,'CXXBH','出血性白喉','A36.951','133',0),(654,'HJXBH','坏疽性白喉','A36.952','133',0),(655,'BDTGJBRK','博德特杆菌百日咳','A37.051','7',0),(656,'FBRKBDSGJBRK','副百日咳博代氏杆菌百日咳','A37.151','7',0),(657,'LBRKFBRK','类百日咳[副百日咳]','A37.152','7',0),(658,'BDTGJZQGBXXBRK','博德特杆菌支气管败血性百日咳','A37.851','279',0),(659,'BRK','百日咳 NOS','A37.901','7',0),(660,'BRKHBFY','百日咳合并肺炎','A37.902+','81',0),(661,'XHR','猩红热','A38.X01','271',0),(662,'XHRXJY','猩红热心肌炎','A38.X51+','397',0),(663,'NMYQJXNMY','脑膜炎球菌性脑膜炎','A39.001+','232',0),(664,'NJMY','脑脊膜炎','A39.002+','234',0),(665,'SQJXNMY','双球菌性脑膜炎','A39.051+','232',0),(666,'LXXNMY','流行性脑膜炎','A39.052+','232',0),(667,'WFZHZNMYQJX','沃－弗综合征(脑膜炎球菌性)','A39.151+','232',0),(668,'NMYQJXCXXSSXY','脑膜炎球菌性出血性肾上腺炎','A39.152','232',0),(669,'NMYQJXSSXZHZ','脑膜炎球菌性肾上腺综合征','A39.153','232',0),(670,'JXNMYQJXZ','急性脑膜炎球菌血症','A39.251','232',0),(671,'MXNMYQJXZ','慢性脑膜炎球菌血症','A39.351','232',0),(672,'NMYQJXBXZ','脑膜炎球菌性败血症','A39.401','232',0),(673,'NMYQJXNY','脑膜炎球菌性脑炎','A39.551+','232',0),(674,'NMYQJXXBY','脑膜炎球菌性心包炎','A39.552+','232',0),(675,'NMYQJXXNMY','脑膜炎球菌性心内膜炎','A39.553+','232',0),(676,'NMYQJXXJY','脑膜炎球菌性心肌炎','A39.554+','232',0),(677,'NMYQJXXY','脑膜炎球菌性心炎','A39.555+','232',0),(678,'LXXNMNY','流行性脑膜脑炎','A39.851+','232',0),(679,'BFXNMYQJNMNYLXXNJSMY','暴发性脑膜炎球菌脑膜脑炎[流行性脑脊髓膜炎]','A39.852+','232',0),(680,'NMYQJNYJSYHNJSY','脑膜炎球菌脑炎、脊髓炎和脑脊髓炎','A39.853+','232',0),(681,'NMYQJXJMY','脑膜炎球菌性结膜炎','A39.854+','232',0),(682,'NMYQJXSSJY','脑膜炎球菌性视神经炎','A39.855+','313',0),(683,'NMYQJXQHSSJY','脑膜炎球菌性球后视神经炎','A39.856+','313',0),(684,'NMYSQJXGJY','脑膜炎双球菌性关节炎','A39.857+','123',0),(685,'NMYQJGRHGJY','脑膜炎球菌感染后关节炎','A39.858+','123',0),(686,'NMYQJB','脑膜炎球菌病 NOS','A39.951','232',0),(687,'ZLQJYQDBXB','Ａ族链球菌引起的败血病','A40.051','8',0),(688,'LQJXSNXBXB','链球菌性生脓性败血病','A40.052','8',0),(689,'ZLQJYQDBXB','Ｂ族链球菌引起的败血病','A40.151','8',0),(690,'LQJXWRXBXB','链球菌性无乳性败血病','A40.152','8',0),(691,'ZLQJYQDBXB','Ｄ族链球菌引起的败血病','A40.251','8',0),(692,'FYQJXBXZ','肺炎球菌性败血症','A40.301','81',0),(693,'QTLQJXBXB','其他链球菌性败血病','A40.851','8',0),(694,'LQJXBXZ','链球菌性败血症 NOS','A40.901','9',0),(695,'JHSNNPTQJYQDBXB','金黄色酿脓葡萄球菌引起的败血病','A41.051','8',0),(696,'NGYXPTQJYQDBXB','凝固阴性葡萄球菌引起的败血病','A41.151','8',0),(697,'PTQJJXB','葡萄球菌菌血病','A41.201','189',0),(698,'PTQJXBXZ','葡萄球菌性败血症','A41.202','9',0),(699,'LGSXGYQDBXB','流感嗜血杆引起的败血病','A41.351','8',0),(700,'YYJXBXB','厌氧菌性败血病','A41.451','8',0),(701,'BXGJXBXZ','变形杆菌性败血症','A41.501','9',0),(702,'DCAXSGJXBXZ','大肠埃希氏杆菌性败血症','A41.502','9',0),(703,'DCGJXBXZ','大肠杆菌性败血症','A41.503','9',0),(704,'GLSYXGJBXZ','革兰氏阴性杆菌败血症','A41.504','9',0),(705,'JDBJXBXZ','假单胞菌性败血症','A41.505','9',0),(706,'KLBSGJXBXZ','克雷白氏杆菌性败血症','A41.506','9',0),(707,'KCGJXBXZ','枯草杆菌性败血症','A41.507','9',0),(708,'LNGJXBXZ','绿脓杆菌性败血症','A41.508','9',0),(709,'NQGJXBXZ','粘球杆菌性败血症','A41.509','9',0),(710,'LJGJBXB','痢疾杆菌败血病','A41.551','200',0),(711,'CQJXBXB','肠球菌性败血病','A41.552','8',0),(712,'QTGLSYXBYTYQDBXB','其他革兰氏阴性病原体引起的败血病','A41.553','8',0),(713,'CQJXBXB','肠球菌性败血病','A41.801','8',0),(714,'LJMJBXZ','类酵母菌败血症','A41.802','9',0),(715,'MJXBXZ','霉菌性败血症','A41.803','9',0),(716,'QTTZDBXZ','其他特指的败血症','A41.804','9',0),(717,'ZJBXZ','真菌败血症','A41.805','464',0),(718,'BXZ','败血症 NOS','A41.901','9',0),(719,'NDBXZ','脓毒败血症','A41.902','9',0),(720,'HJXBXB','坏疽性败血病','A41.951','8',0),(721,'BXBXXK','败血病性休克','A41.953','8',0),(722,'NDXXKGRXXKZDXXK','脓毒性休克[感染性休克；中毒性休克]','A41.954','95',0),(723,'FFXJB','肺放线菌病','A42.001','188',0),(724,'FXJBBYFY','放线菌病伴有肺炎','A42.052+','81',0),(725,'FFXJB','腹放线菌病','A42.151','188',0),(726,'WCFXJB','胃肠放线菌病','A42.152','370',0),(727,'GMBFXJB','颈面部放线菌病','A42.201','188',0),(728,'FXJBXBXB','放线菌病性败血病','A42.751','8',0),(729,'RXFXJB','乳腺放线菌病','A42.801','188',0),(730,'XBFXJB','胸部放线菌病','A42.851','188',0),(731,'PFFXJB','皮肤放线菌病','A42.852','250',0),(732,'FXJB','放线菌病 NOS','A42.901','188',0),(733,'FNKSJB','肺诺卡氏菌病','A43.001+','188',0),(734,'FYNKJB','肺炎诺卡菌病','A43.051+','81',0),(735,'PFNKFXJB','皮肤诺卡[放线]菌病','A43.151','250',0),(736,'QTXSNKFXJB','其他形式诺卡[放线]菌病','A43.851','188',0),(737,'NKSFXJB','诺卡氏[放线]菌病 NOS','A43.901','188',0),(738,'QSXBETTR','全身性巴尔通体热','A44.051','271',0),(739,'ALYR','奥罗亚热','A44.052','271',0),(740,'PFBETTB','皮肤巴尔通体病','A44.151','250',0),(741,'NMPFBETTB','粘膜皮肤巴尔通体病','A44.152','250',0),(742,'QTXSDBETTB','其他形式的巴尔通体病','A44.851','268',0),(743,'BETTB','巴尔通体病 NOS','A44.951','268',0),(744,'DD','丹毒','A46.X01','278',0),(745,'YJDD','眼睑丹毒','A46.X51','430',0),(746,'WEDD','外耳丹毒','A46.X52+','70',0),(747,'QXHJ','气性坏疽','A48.001','187',0),(748,'SZYBGJGRJY','梭状芽胞杆菌感染肌炎','A48.051','95',0),(749,'SZYBGJXFWZZY','梭状芽胞杆菌性蜂窝组织炎','A48.052','84',0),(750,'SZYBGJXJHS','梭状芽胞杆菌性肌坏死','A48.053','267',0),(751,'JTB','军团病','A48.101','268',0),(752,'JTFY','军团肺炎','A48.151+','81',0),(753,'FFYDJTBPDYKR','非肺炎的军团病[庞蒂亚克热]','A48.251','81',0),(754,'ZDXXKZHZ','中毒性休克综合征','A48.351','410',0),(755,'BXZR','巴西紫热','A48.451','271',0),(756,'BYJBHXDYJB','鼻硬结病[呼吸道硬结病]','A48.801','16',0),(757,'HSXGJB','坏死性杆菌病','A48.802','188',0),(758,'JHSPTQJGR','金黄色葡萄球菌感染','A49.001','95',0),(759,'PTQJGR','葡萄球菌感染','A49.002','95',0),(760,'FYQJGR','肺炎球菌感染','A49.101','81',0),(761,'LQJGR','链球菌感染','A49.102','95',0),(762,'LQJGRZHZ','链球菌感染综合症','A49.103','95',0),(763,'LGSXGJGRLGGJ','流感嗜血杆菌感染(H.流感杆菌)','A49.201','95',0),(764,'ZYTGR','支原体感染','A49.301','95',0),(765,'BXGJGR','变形杆菌感染','A49.801','95',0),(766,'DCAXSGJGRDCGJ','大肠埃希氏杆菌感染(大肠杆菌)','A49.802','95',0),(767,'FLDLDSGJGRFYGJ','弗里德兰德氏杆菌感染(肺炎杆菌)','A49.803','81',0),(768,'JDBJGR','假单胞菌感染','A49.804','95',0),(769,'KLBSFYGJGR','克雷白氏肺炎杆菌感染','A49.805','81',0),(770,'KLBSGJGR','克雷白氏杆菌感染','A49.806','95',0),(771,'LJSPLFDSJGR','雷极氏普鲁菲登氏菌感染','A49.807','95',0),(772,'LNGJGR','绿脓杆菌感染','A49.808','95',0),(773,'LXGJGR','螺旋杆菌感染','A49.809','95',0),(774,'QTTZDXJGR','其他特指的细菌感染','A49.810','380',0),(775,'SLSJGR','沙雷氏菌感染','A49.811','95',0),(776,'YMLXGJGR','幽门螺旋杆菌感染','A49.812','95',0),(777,'JXZ','菌血症 NOS','A49.901','275',0),(778,'XJXGR','细菌性感染','A49.902','380',0),(779,'GLSYXGJGR','革兰氏阴性杆菌感染','A49.951','95',0),(780,'QQJGR','气球菌感染','A49.952','95',0),(781,'BSFYXTXMDDFBBB','白色肺炎(先天性梅毒的肺部病变)','A50.051','81',0),(782,'PFDZQXTXMD','皮肤的早期先天性梅毒','A50.052','250',0),(783,'NMPFDZQXTXMD','粘膜皮肤的早期先天性梅毒','A50.053','250',0),(784,'NZDZQXTXMD','内脏的早期先天性梅毒','A50.054','225',0),(785,'ZQXTXMDXHY','早期先天性梅毒性喉炎','A50.055','133',0),(786,'ZQXTXMDXYB','早期先天性梅毒性眼病','A50.056','430',0),(787,'ZQXTXMDXGRGB','早期先天性梅毒性骨软骨病','A50.057','300',0),(788,'ZQXTXMDXYY','早期先天性梅毒性咽炎','A50.058','429',0),(789,'ZQXTXMDXFY','早期先天性梅毒性肺炎','A50.059','81',0),(790,'ZQXTXMDXBY','早期先天性梅毒性鼻炎','A50.060','16',0),(791,'QFXZQXTXMDCSHENNWLCB','潜伏性早期先天性梅毒(出生后二年内无临床表现)','A50.151','225',0),(792,'WTZDZQXTXMDCSHENN','未特指的早期先天性梅毒(出生后二年内)','A50.251','225',0),(793,'DZJMY','点状角膜炎','A50.301+','167',0),(794,'MDXSCDZJMY','梅毒性深层点状角膜炎','A50.302+','167',0),(795,'WQXTXMDXJZXJMY','晚期先天性梅毒性间质性角膜炎','A50.351+','167',0),(796,'WQXTXMDXYB','晚期先天性梅毒性眼病','A50.352+','430',0),(797,'WQXTXSJMDYNXSJMD','晚期先天性神经梅毒[幼年型神经梅毒]','A50.451','313',0),(798,'WQXTXMDXNMY','晚期先天性梅毒性脑膜炎','A50.452+','232',0),(799,'WQXTXMDXNY','晚期先天性梅毒性脑炎','A50.453+','234',0),(800,'WQXTXMDXDSJB','晚期先天性梅毒性多神经病','A50.454+','313',0),(801,'YNXMBXCD','幼年型麻痹性痴呆','A50.455','34',0),(802,'YNXJSL','幼年型脊髓痨','A50.456','152',0),(803,'YNXJSLMBXSJMD','幼年型脊髓痨麻痹性神经梅毒','A50.457','313',0),(804,'MDXYHQSSY','梅毒性牙(赫秦生氏牙)','A50.501','425',0),(805,'MDXAB','梅毒性鞍鼻','A50.551','16',0),(806,'HQSSLZ','哈钦森三联症','A50.552','278',0),(807,'HQSYXTXMD','哈钦森牙(先天性梅毒)','A50.553','425',0),(808,'WQXXTXXXGMD','晚期性先天性心血管梅毒','A50.554+','402',0),(809,'MDXGJB','梅毒性关节病','A50.555+','123',0),(810,'MDXGRGB','梅毒性骨软骨病','A50.556+','300',0),(811,'XTXMD','先天性梅毒 NOS','A50.901','225',0),(812,'CQSZQMD','初期生殖器梅毒','A51.051','230',0),(813,'MDXXG','梅毒性下疳','A51.052','381',0),(814,'NDXG','尿道下疳','A51.053','381',0),(815,'YXG','硬下疳','A51.054','381',0),(816,'CQGMMD','初期肛门梅毒','A51.151','225',0),(817,'CXG','唇下疳','A51.251','381',0),(818,'JMXG','结膜下疳','A51.252','381',0),(819,'RTXG','乳头下疳','A51.253','86',0),(820,'WSZQDXG','外生殖器的下疳','A51.254','230',0),(821,'PFEQMD','皮肤二期梅毒','A51.301','250',0),(822,'PFMDZQBYKY','皮肤梅毒(早期)(伴有溃疡)','A51.302','250',0),(823,'MDXSY','梅毒性湿疣','A51.351','319',0),(824,'MDXNMB','梅毒性粘膜斑','A51.352','461',0),(825,'MDXBBB','梅毒性白斑病','A51.354+','3',0),(826,'MDXTF','梅毒性脱发','A51.355+','363',0),(827,'EQMD','二期梅毒','A51.401','225',0),(828,'MDXMLMSWMY','梅毒性脉络膜视网膜炎','A51.402+','327',0),(829,'EQMDXLBJB','二期梅毒性淋巴结病','A51.451','206',0),(830,'EQMDXNMY','二期梅毒性脑膜炎','A51.452+','232',0),(831,'EQMDXHMJZTY','二期梅毒性虹膜睫状体炎','A51.453+','229',0),(832,'EQMDXYB','二期梅毒性眼病','A51.455+','430',0),(833,'EQMDXJY','二期梅毒性肌炎','A51.456+','146',0),(834,'EQMDXGMY','二期梅毒性骨膜炎','A51.457+','110',0),(835,'QFXZQMD','潜伏性早期梅毒','A51.551','225',0),(836,'ZQMD','早期梅毒 NOS','A51.951','225',0),(837,'MDXGZDMKXZ','梅毒性冠状动脉口狭窄','A52.001+','125',0),(838,'MDXXXGJB','梅毒性心血管疾病','A52.002+','402',0),(839,'MDXXZB','梅毒性心脏病','A52.003+','403',0),(840,'MDXXJY','梅毒性心肌炎','A52.004+','397',0),(841,'MDXZDMBBSBQ','梅毒性主动脉瓣闭锁不全','A52.005+','477',0),(842,'MDXZDMBXZ','梅毒性主动脉瓣狭窄','A52.006+','477',0),(843,'MDXZDMBXZBSBQ','梅毒性主动脉瓣狭窄闭锁不全','A52.007+','477',0),(844,'MDXZDML','梅毒性主动脉瘤','A52.008+','477',0),(845,'MDXZDMY','梅毒性主动脉炎','A52.009+','477',0),(846,'MDXXBY','梅毒性心包炎','A52.051+','394',0),(847,'MDXZDMHL','梅毒性主动脉回流','A52.052+','477',0),(848,'MDXFDMHL','梅毒性肺动脉回流','A52.053+','60',0),(849,'MDXXNMY','梅毒性心内膜炎','A52.054+','401',0),(850,'MDXNDMLPL','梅毒性脑动脉瘤破裂','A52.055+','234',0),(851,'MDXZDMDML','梅毒性主动脉动脉瘤','A52.056+','477',0),(852,'MDXXXGYH','梅毒性心血管硬化','A52.057+','402',0),(853,'WWX','胃危象','A52.101','370',0),(854,'ALSTK','阿-罗氏瞳孔','A52.102+','354',0),(855,'XKSGJBSJBXGJB','夏科氏关节病[神经病性关节病]','A52.103+','313',0),(856,'JXXMBCD','进行性麻痹痴呆','A52.104+','34',0),(857,'MDXPJSSZHZ','梅毒性帕金森氏综合征','A52.105+','245',0),(858,'PEWXJSLXYWX','佩尔危象[脊髓痨性眼危象]','A52.151','430',0),(859,'JSXMDXJLXAEBJT','脊髓性梅毒性痉挛性埃尔布截瘫','A52.152','179',0),(860,'LSEMBTH','利绍尔麻痹(瘫痪)','A52.153','217',0),(861,'MBXCDPEB','麻痹性痴呆[培尔病]','A52.154+','34',0),(862,'SJMDCD','神经梅毒痴呆','A52.155+','313',0),(863,'WQMDXNMY','晚期梅毒性脑膜炎','A52.156+','232',0),(864,'WQMDXNY','晚期梅毒性脑炎','A52.157+','234',0),(865,'WQMDXDSJB','晚期梅毒性多神经病','A52.158+','313',0),(866,'WQMDXSSJWS','晚期梅毒性视神经萎缩','A52.159+','313',0),(867,'WQMDXTSJY','晚期梅毒性听神经炎','A52.160+','313',0),(868,'WZZXSJMD','无症状性神经梅毒','A52.251','313',0),(869,'LQJXFGY','淋球菌性附睾炎','A52.252+','88',0),(870,'SJMD','神经梅毒','A52.301','313',0),(871,'MDL','梅毒瘤','A52.701','261',0),(872,'EQMDXGY','二期梅毒性肝炎','A52.702+','93',0),(873,'BMD','鼻梅毒','A52.751','16',0),(874,'MDXBY','梅毒性鼻炎','A52.752','16',0),(875,'MDXBZGCK','梅毒性鼻中隔穿孔','A52.753','16',0),(876,'MDXLNY','梅毒性泪囊炎','A52.754+','198',0),(877,'MDXGMWCY','梅毒性巩膜外层炎','A52.755+','277',0),(878,'WQMDXMLMSWMY','晚期梅毒性脉络膜视网膜炎','A52.756+','327',0),(879,'MDXBLTY','梅毒性玻璃体炎','A52.757+','22',0),(880,'WQMDXYB','晚期梅毒性眼病','A52.758+','430',0),(881,'FMD','肺梅毒','A52.759+','225',0),(882,'WQMDXFMY','晚期梅毒性腹膜炎','A52.760+','90',0),(883,'GMD','肝梅毒','A52.761+','92',0),(884,'WQMDXBBB','晚期梅毒性白斑病','A52.762+','3',0),(885,'JRMD','肌肉梅毒','A52.763+','225',0),(886,'HMMD','滑膜梅毒','A52.764+','225',0),(887,'WQMDXNYNY','晚期梅毒性粘液囊炎','A52.765+','462',0),(888,'GMD','骨梅毒','A52.766+','225',0),(889,'WQMDXSBBZHZ','晚期梅毒性肾病变综合征','A52.767+','225',0),(890,'WQQFXMD','晚期潜伏性梅毒','A52.801','225',0),(891,'WQMD','晚期梅毒 NOS','A52.901','225',0),(892,'YXMD','隐性梅毒','A53.001','225',0),(893,'QFQMD','潜伏期梅毒','A53.051','225',0),(894,'XQFYYXMD','血清反应阳性梅毒','A53.052','225',0),(895,'MD','梅毒 NOS','A53.901','225',0),(896,'LJXYDY','淋菌性阴道炎','A54.001','86',0),(897,'LQJXNDXZ','淋球菌性尿道狭窄','A54.051','237',0),(898,'MXLBXNDY','慢性淋病性尿道炎','A54.052','238',0),(899,'MXXMNSZDLB','慢性下泌尿生殖道淋病','A54.053','209',0),(900,'JXLQJXJGTY','(急性)淋球菌性菌龟头炎','A54.054','126',0),(901,'LQJXGGY','淋球菌性宫颈炎','A54.055','103',0),(902,'LQJXBGY','淋球菌性膀胱炎','A54.056','247',0),(903,'LQJXQTDXNZ','淋球菌性前庭大腺脓肿','A54.151','243',0),(904,'LQJXPQY','淋球菌性盆腔炎','A54.201+','249',0),(905,'LQJXQLXY','淋球菌性前列腺炎','A54.203+','286',0),(906,'LQJXGWY','淋球菌性睾丸炎','A54.251+','230',0),(907,'LQJXSLGY','淋球菌性输卵管炎','A54.252+','332',0),(908,'LQJXPQFMY','淋球菌性盆腔腹膜炎','A54.253+','90',0),(909,'LQJXZGNMY','淋球菌性子宫内膜炎','A54.254+','86',0),(910,'LQJXXSEYY','淋球菌性新生儿眼炎','A54.351+','430',0),(911,'LBXJMY','淋病性结膜炎','A54.352+','174',0),(912,'LQJXHMJZTY','淋球菌性虹膜睫状体炎','A54.353+','229',0),(913,'LQJXGJY','淋球菌性关节炎','A54.451+','123',0),(914,'LQJXJQY','淋球菌性腱鞘炎','A54.452+','163',0),(915,'LQJXHMY','淋球菌性滑膜炎','A54.453+','134',0),(916,'LQJXNYNY','淋球菌性粘液囊炎','A54.454+','462',0),(917,'LQJXGSY','淋球菌性骨髓炎','A54.455+','114',0),(918,'LQJXYY','淋球菌性咽炎','A54.551','429',0),(919,'GMLJQGR','肛门淋菌球感染','A54.651','95',0),(920,'ZCLJQGR','直肠淋菌球感染','A54.652','95',0),(921,'QTTZBWDLQJGR','其他特指部位的淋球菌感染','A54.801','95',0),(922,'LQJXFY','淋球菌性肺炎','A54.802+','81',0),(923,'LQJXFMY','淋球菌性腹膜炎','A54.803+','90',0),(924,'LQJXNMY','淋球菌性脑膜炎','A54.804+','232',0),(925,'LQJXNNZ','淋球菌性脑脓肿','A54.805+','243',0),(926,'LQJXXBY','淋球菌性心包炎','A54.806+','394',0),(927,'LQJXXJY','淋球菌性心肌炎','A54.807+','397',0),(928,'LQJXXNMY','淋球菌性心内膜炎','A54.808+','401',0),(929,'LQJXPFSH','淋球菌性皮肤损害','A54.851','250',0),(930,'LQJXBXZ','淋球菌性败血症','A54.852','9',0),(931,'LB','淋病 NOS','A54.901','209',0),(932,'MXLQJGR','慢性淋球菌感染','A54.902','95',0),(933,'XBXYYTXLBRYZ','性病性(衣原体性)淋巴肉芽肿','A55.X01','295',0),(934,'DLNGLFFEB','迪朗-尼古拉-法夫尔病','A55.X51','268',0),(935,'FGGLBRYZ','腹股沟淋巴肉芽肿','A55.X52','295',0),(936,'SZQGMZCZHZ','生殖器肛门直肠综合征','A55.X53','230',0),(937,'NYSC','女阴蚀疮','A55.X54','86',0),(938,'YYTXYDY','衣原体性阴道炎','A56.001','86',0),(939,'YYTXWYYDY','衣原体性外阴阴道炎','A56.051','86',0),(940,'YYTXNDY','衣原体性尿道炎','A56.052','86',0),(941,'YYTXGGY','衣原体性宫颈炎','A56.053','86',0),(942,'YYTXBGY','衣原体性膀胱炎','A56.054','86',0),(943,'YYTXFGY','衣原体性附睾炎','A56.151+','230',0),(944,'YYTXGWY','衣原体性睾丸炎','A56.152+','230',0),(945,'YYTXNXPQYXJB','衣原体性女性盆腔炎性疾病','A56.153+','249',0),(946,'MNSZDYYTGR','泌尿生殖道衣原体感染','A56.251','95',0),(947,'GMYYTGR','肛门衣原体感染','A56.351','95',0),(948,'ZCYYTGR','直肠衣原体感染','A56.352','95',0),(949,'YYYTGR','咽衣原体感染','A56.451','95',0),(950,'QTBWDXCBDYYTGR','其他部位的性传播的衣原体感染','A56.851','95',0),(951,'RXG','软下疳','A57.X01','86',0),(952,'WYXG','外阴下疳','A57.X02','86',0),(953,'YJXG','阴茎下疳','A57.X03','230',0),(954,'MDXXGSZQYYFXXQFYYDDK','梅毒性下疳(生殖器)(硬)(原发性)(血清反应阴的)(杜克雷)','A57.X51','230',0),(955,'FGGRYZKYX','腹股沟肉芽肿 (溃疡性)','A58.X01','295',0),(956,'XBXRYZ','性病性肉芽肿','A58.X51','295',0),(957,'DCXNDY','滴虫性尿道炎','A59.001+','238',0),(958,'DCXYDY','滴虫性阴道炎','A59.002+','86',0),(959,'BGDCB','膀胱滴虫病','A59.051+','86',0),(960,'NDDCB','尿道滴虫病','A59.052+','230',0),(961,'QLXDCB','前列腺滴虫病','A59.053+','230',0),(962,'JNDCB','精囊滴虫病','A59.054+','230',0),(963,'GGDCB','宫颈滴虫病','A59.055+','86',0),(964,'YDDCB','阴道滴虫病','A59.056+','86',0),(965,'WYDCB','外阴滴虫病','A59.057+','86',0),(966,'QTTZBWDMDCB','其他特指部位的毛滴虫病','A59.851','86',0),(967,'MDCB','毛滴虫病 NOS','A59.901','86',0),(968,'YJDCPZ','阴茎单纯疱疹','A60.001+','230',0),(969,'YNPZ','阴囊疱疹','A60.051+','230',0),(970,'PZXDCXWYKY','疱疹性(单纯性)外阴溃疡','A60.052+','230',0),(971,'DCPZXWYYDY','单纯疱疹性外阴阴道炎','A60.053+','86',0),(972,'GMPFPZBDGR','肛门皮肤疱疹病毒感染','A60.151','250',0),(973,'ZCPZBDGR','直肠疱疹病毒感染','A60.152+','95',0),(974,'GMSZQPZ','肛门生殖器疱疹','A60.951','230',0),(975,'JRSY','尖锐湿疣','A63.001','230',0),(976,'SY','湿疣','A63.002','230',0),(977,'WYJRSY','外阴尖锐湿疣','A63.003','86',0),(978,'WYSY','外阴湿疣','A63.004','86',0),(979,'WYBPSY','外阴扁平湿疣','A63.051','86',0),(980,'GMSY','肛门湿疣','A63.052','86',0),(981,'QTTZDXCBDJB','其他特指的性传播的疾病','A63.851','86',0),(982,'XB','性病','A64.X51','230',0),(983,'XBXGTY','性病性龟头炎','A64.X52+','126',0),(984,'EQTLB','恩乔推拉病','A65.X51','268',0),(985,'FXBXMD','非性病性梅毒','A65.X52','225',0),(986,'DFXMD','地方性梅毒','A65.X53','225',0),(987,'YKBXG','雅可病下疳','A66.051','381',0),(988,'PAL','皮安瘤','A66.151','261',0),(989,'YSBDZDHZRTZL','雅司病的足底或掌乳头状瘤','A66.152','86',0),(990,'YSL','雅司瘤','A66.153','261',0),(991,'ZQYSPS','早期雅司皮损','A66.251','278',0),(992,'GZS','鬼状手','A66.351','328',0),(993,'CZYZD','虫蛀样足底','A66.352','280',0),(994,'SJZYYSPS','树胶肿样雅司皮损','A66.451','278',0),(995,'JJXWQKYXYSB','结节型晚期(溃疡性)雅司病','A66.452','427',0),(996,'PHXHXXKYBYY','破坏性(毁形性)溃疡鼻咽炎','A66.551+','16',0),(997,'YSBDBGZZXGMYGDB','雅司病的鼻骨增殖性骨膜炎[根度病]','A66.651','16',0),(998,'YSBDJQNZ','雅司病的腱鞘囊肿','A66.652','162',0),(999,'YSBDGJY','雅司病的关节炎','A66.653+','123',0);
/*!40000 ALTER TABLE `disease` ENABLE KEYS */;
UNLOCK TABLES;

--
-- Table structure for table `drugs`
--

DROP TABLE IF EXISTS `drugs`;
/*!40101 SET @saved_cs_client     = @@character_set_client */;
 SET character_set_client = utf8mb4 ;
CREATE TABLE `drugs` (
  `id` int(9) NOT NULL AUTO_INCREMENT,
  `Drugs_Code` char(14) DEFAULT NULL,
  `Drugs_Name` varchar(64) NOT NULL,
  `Drugs_Format` varchar(64) DEFAULT NULL,
  `Drugs_Unit` varchar(64) DEFAULT NULL,
  `Manufacturer` varchar(512) DEFAULT NULL,
  `Drugs_Dosage` varchar(64) DEFAULT NULL,
  `Drugs_Type` varchar(64) DEFAULT NULL,
  `Drugs_Price` decimal(8,2) DEFAULT NULL,
  `Mnemonic_Code` varchar(64) DEFAULT NULL,
  `Creation_Date` datetime DEFAULT NULL,
  `Last_Update_Date` datetime DEFAULT NULL,
  `DelMark` int(1) NOT NULL DEFAULT 0,
  PRIMARY KEY (`id`),
  KEY `Index_1` (`id`)
) ENGINE=InnoDB DEFAULT CHARSET=utf8;
/*!40101 SET character_set_client = @saved_cs_client */;

--
-- Dumping data for table `drugs`
--

LOCK TABLES `drugs` WRITE;
/*!40000 ALTER TABLE `drugs` DISABLE KEYS */;
INSERT INTO `drugs` VALUES (1,'86979474000208','注射用甲氨喋呤','1g×1支','支','江苏恒瑞医药股份有限公司','110','101',15.73,'ZSYJAZZ','2019-03-01 00:00:00','2019-03-01 00:00:00',0),(2,'86979474000209','氟康唑氯化钠注射液(大扶康)','200mg×100ml/瓶','瓶','辉瑞制药有限公司','110','101',7.01,'FKZLHNZSY(DFK)','2019-03-01 00:00:00','2019-03-01 00:00:00',0),(3,'86979474000208','50%葡萄糖注射液(塑瓶)','10:20ml×1支','支','中国大冢制药有限公司','110','101',25.16,'PTTZSY(SP)','2019-03-01 00:00:00','2019-03-01 00:00:00',0),(4,'86979474000209','盐酸特比萘芬阴道泡腾片（丁克）','50mg×7片/盒','盒','齐鲁制药有限公司','111','101',40.62,'YSTBZFYDPTP（DK）','2019-03-01 00:00:00','2019-03-01 00:00:00',0),(5,'86979474000208','红芪','10g/袋','袋','南京药业股份有限公司药材分公司','112','103',30.79,'HZ','2019-03-01 00:00:00','2019-03-01 00:00:00',0),(6,'86979474000208','盐酸氨酮戊酸散（外用）','118mg×1瓶','瓶','上海复旦张江生物医药股份有限公司','113','101',19.51,'YSATWSS（WY）','2019-03-01 00:00:00','2019-03-01 00:00:00',0),(7,'86979474000209','盐酸美金刚片(易贝申)','10mg×28片/盒','盒','丹麦灵北药厂','111','101',22.05,'YSMJGP(YBS)','2019-03-01 00:00:00','2019-03-01 00:00:00',0),(8,'86979474000208','磷酸奥司他韦胶囊(达菲)','75mg×10粒/盒','盒','上海罗氏制药有限公司S','114','101',60.96,'LSASTWJN(DF)','2019-03-01 00:00:00','2019-03-01 00:00:00',0),(9,'86979474000209','泽泻颗粒','1g/10g/袋','袋','江阴天江药业有限公司','115','102',0.09,'ZXKL','2019-03-01 00:00:00','2019-03-01 00:00:00',0),(10,'86979474000208','山药颗粒','0.5g/10g/袋','袋','null','115','102',6.79,'SYKL','2019-03-01 00:00:00','2019-03-01 00:00:00',0),(11,'86979474000208','熟大黄颗粒','1g/6g/袋','袋','江阴天江药业有限公司','115','102',23.51,'SDHKL','2019-03-01 00:00:00','2019-03-01 00:00:00',0),(12,'86979474000209','黄连颗粒','0.5g/3g袋','袋','江阴天江药业有限公司','115','102',1.07,'HLKL','2019-03-01 00:00:00','2019-03-01 00:00:00',0),(13,'86979474000208','黄芩颗粒(酒)','2g/10g/袋','袋','江阴天江药业有限公司','115','102',81.74,'HZKL(J)','2019-03-01 00:00:00','2019-03-01 00:00:00',0),(14,'86979474000209','炒白芍颗粒','1g/10g/袋','袋','江阴天江药业有限公司','115','102',31.86,'CBSKL','2019-03-01 00:00:00','2019-03-01 00:00:00',0),(15,'86979474000208','炒白术颗粒','3g/10g/袋','袋','null','115','102',41.50,'CBSKL','2019-03-01 00:00:00','2019-03-01 00:00:00',0),(16,'86979474000208','白芷颗粒','1g/6g/袋','袋','江阴天江药业有限公司','115','102',67.72,'BZKL','2019-03-01 00:00:00','2019-03-01 00:00:00',0),(17,'86979474000209','薤白颗粒','2.5g/10g袋','袋','江阴天江药业有限公司','115','102',17.95,'ZBKL','2019-03-01 00:00:00','2019-03-01 00:00:00',0),(18,'86979474000208','川芎颗粒','2g/6g/袋','袋','null','115','102',0.70,'CZKL','2019-03-01 00:00:00','2019-03-01 00:00:00',0),(19,'86979474000209','维生素K1注射液','1ml:10mg×10支/盒','盒','芜湖康奇制药','110','101',10.39,'WSSK1ZSY','2019-03-01 00:00:00','2019-03-01 00:00:00',0),(20,'86979474000208','利培酮片（维思通）','1mg×20片/盒','盒','西安杨森制药有限公司','111','101',5.52,'LPTP（WST）','2019-03-01 00:00:00','2019-03-01 00:00:00',0),(21,'86979474000208','0.9%氯化钠注射液(塑瓶)','2.25g:250ml×1瓶','瓶','中国大冢制药有限公司','110','101',14.34,'0.9%LHNZSY(SP)','2019-03-01 00:00:00','2019-03-01 00:00:00',0),(22,'86979474000209','0.9%氯化钠注射液（百特）','500ml×1袋','瓶','上海百特医疗用品有限公司','110','101',46.91,'0.9%LHNZSY（BT）','2019-03-01 00:00:00','2019-03-01 00:00:00',0),(23,'86979474000208','0.9%氯化钠注射液(塑瓶)','0.9g:100ml×1瓶','瓶','中国大冢制药有限公司','110','101',6.34,'0.9%LHNZSY(SP)','2019-03-01 00:00:00','2019-03-01 00:00:00',0),(24,'86979474000209','10%葡萄糖注射液(塑瓶)','50g:500ml×1瓶','瓶','中国大冢制药有限公司','110','101',5.04,'10%PTTZSY(SP)','2019-03-01 00:00:00','2019-03-01 00:00:00',0),(25,'86979474000208','10%葡萄糖注射液(塑瓶)','25g:250ml×1瓶','袋','中国大冢制药有限公司','110','101',16.02,'10%PTTZSY(SP)','2019-03-01 00:00:00','2019-03-01 00:00:00',0),(26,'86979474000208','5%葡萄糖注射液(塑瓶)','25g:500ml×1瓶','瓶','中国大冢制药有限公司','110','101',47.78,'5%PTTZSY(SP)','2019-03-01 00:00:00','2019-03-01 00:00:00',0),(27,'86979474000209','5%葡萄糖注射液(塑瓶)','12.5g:250ml×1瓶','瓶','中国大冢制药有限公司','110','101',45.62,'5%PTTZSY(SP)','2019-03-01 00:00:00','2019-03-01 00:00:00',0),(28,'86979474000208','5%葡萄糖注射液(塑瓶)','5g:100ml×1瓶','瓶','中国大冢制药有限公司','110','101',17.53,'5%PTTZSY(SP)','2019-03-01 00:00:00','2019-03-01 00:00:00',0),(29,'86979474000209','胃苏颗粒','5g*9袋/盒','盒','扬子江药业集团有限公司','115','102',1.73,'WSKL','2019-03-01 00:00:00','2019-03-01 00:00:00',0),(30,'86979474000208','复方甘露醇注射液(伸宁)','250ml×1袋','袋','南京正大天晴制药有限公司','110','101',15.56,'FFGLCZSY(SN)','2019-03-01 00:00:00','2019-03-01 00:00:00',0),(31,'86979474000208','艾塞那肽注射液(百泌达)','5ug:1.2ml×1支','支','礼来（美国）公司S','110','101',23.71,'ASNZZSY(BMD)','2019-03-01 00:00:00','2019-03-01 00:00:00',0),(32,'86979474000209','艾塞那肽注射液(百泌达)','10ug:2.4ml×1支','支','礼来（美国）公司','110','101',91.92,'ASNZZSY(BMD)','2019-03-01 00:00:00','2019-03-01 00:00:00',0),(33,'86979474000208','丹参颗粒','2g/10g/袋','袋','江阴天江药业有限公司','115','102',11.61,'DCKL','2019-03-01 00:00:00','2019-03-01 00:00:00',0),(34,'86979474000209','亮菌甲素注射液','10ml:5mg×1支','支','云南大理药业股份有限公司','110','101',62.41,'LJJSZSY','2019-03-01 00:00:00','2019-03-01 00:00:00',0),(35,'86979474000208','瞿麦','1000mg/g','克','江苏','112','103',43.84,'ZM','2019-03-01 00:00:00','2019-03-01 00:00:00',0),(36,'86979474000208','肠内营养粉剂(安素)','1000mg/g','克','雅培荷兰','116','101',3.12,'CNYYFJ(AS)','2019-03-01 00:00:00','2019-03-01 00:00:00',0),(37,'86979474000209','桉叶油','1000g/瓶','瓶','吉水同仁','157','101',3.40,'ZYY','2019-03-01 00:00:00','2019-03-01 00:00:00',0),(38,'86979474000208','肉苁蓉','1000mg/g','克','内蒙','112','103',51.82,'RZR','2019-03-01 00:00:00','2019-03-01 00:00:00',0),(39,'86979474000209','番木鳖酊','1000mg/g','克','null','157','101',16.84,'FMBJ','2019-03-01 00:00:00','2019-03-01 00:00:00',0),(40,'86979474000208','枸橼酸芬太尼注射液','0.1mg×1支','支','湖北宜昌人福药业','110','101',19.42,'ZZSFTNZSY','2019-03-01 00:00:00','2019-03-01 00:00:00',0),(41,'86979474000208','枸橼酸芬太尼注射液','0.5mg×1支','支','宜昌人福药业有限责任公司','110','101',2.66,'ZZSFTNZSY','2019-03-01 00:00:00','2019-03-01 00:00:00',0),(42,'86979474000209','酚红(AR)','25g×1瓶','瓶','江西济民可信药业有限公司','157','101',13.43,'FH(AR)','2019-03-01 00:00:00','2019-03-01 00:00:00',0),(43,'86979474000208','酚红IND','25g×1瓶','瓶','null','157','101',4.07,'FHIND','2019-03-01 00:00:00','2019-03-01 00:00:00',0),(44,'86979474000209','酚酞','25g×1瓶','瓶','null','157','101',10.42,'FT','2019-03-01 00:00:00','2019-03-01 00:00:00',0),(45,'86979474000208','蜂蜡','500g×1瓶','瓶','华申康复','157','101',3.47,'FL','2019-03-01 00:00:00','2019-03-01 00:00:00',0),(46,'86979474000208','呋喃西林','25g×1袋','袋','null','157','101',37.75,'ZZXL','2019-03-01 00:00:00','2019-03-01 00:00:00',0),(47,'86979474000209','氯雷他定糖浆(开瑞坦)','60ml：60mg×1瓶','瓶','上海先灵葆雅制药有限公司','158','101',72.62,'LLTDTJ(KRT)','2019-03-01 00:00:00','2019-03-01 00:00:00',0),(48,'86979474000208','丙泊酚注射液(得普利麻)','50ml：0.5g×1瓶','瓶','阿斯利康制药有限公司','110','101',2.23,'BBFZSY(DPLM)','2019-03-01 00:00:00','2019-03-01 00:00:00',0),(49,'86979474000209','BG维生素E软胶囊','0.1g×30粒/盒','盒','浙江医药新昌制药厂','159','101',11.03,'BGWSSERJN','2019-03-01 00:00:00','2019-03-01 00:00:00',0),(50,'86979474000208','贝前列素钠片','20ug×10片/盒','盒','北京泰德制药股份有限公司','111','101',30.09,'BQLSNP','2019-03-01 00:00:00','2019-03-01 00:00:00',0),(51,'86979474000208','盐酸伊立替康注射液(开普拓）','5ml:100mg×1瓶','瓶','辉瑞制药','110','101',7.42,'YSYLTKZSY(KPT）','2019-03-01 00:00:00','2019-03-01 00:00:00',0),(52,'86979474000209','磺胺(AR)','100g×1瓶','瓶','null','157','101',1.72,'HA(AR)','2019-03-01 00:00:00','2019-03-01 00:00:00',0),(53,'86979474000208','白附子','1000mg/g','克','null','112','103',31.83,'BFZ','2019-03-01 00:00:00','2019-03-01 00:00:00',0),(54,'86979474000209','白癫风胶囊','1000mg/g','克','天津宏仁堂药业有限公司','114','101',3.41,'BZFJN','2019-03-01 00:00:00','2019-03-01 00:00:00',0),(55,'86979474000208','奋乃静片','2mg×100片/瓶','瓶','上海朝晖药业有限公司','111','101',0.54,'FNJP','2019-03-01 00:00:00','2019-03-01 00:00:00',0),(56,'86979474000208','注射用头孢他啶(复达欣)','1g×1支','支','葛兰素史克制药(苏州)有限公司','110','101',8.05,'ZSYTZTZ(FDX)','2019-03-01 00:00:00','2019-03-01 00:00:00',0),(57,'86979474000209','复方氨基酸(绿支安)18AA注射液','10.3%200ml×1瓶','瓶','广州绿十字制药有限公司','110','101',49.18,'FFAJS(LZA)18AAZSY','2019-03-01 00:00:00','2019-03-01 00:00:00',0),(58,'86979474000208','吡诺克辛滴眼液(卡林-U)','5ml×1支','支','日本参天制药株式会社','160','101',51.24,'ZNKXDYY(KL-U)','2019-03-01 00:00:00','2019-03-01 00:00:00',0),(59,'86979474000209','卡巴胆碱注射液（卡米可林）','0.1mg×1支','支','山东正大福瑞达制药有限公司','160','101',5.23,'KBDJZSY（KMKL）','2019-03-01 00:00:00','2019-03-01 00:00:00',0),(60,'86979474000208','重组人粒细胞(特尔立)巨噬细胞集落冻干粉针','150ug×1瓶','瓶','夏门特宝生物工程股份有限公司','161','101',32.97,'ZZRLXB(TEL)JSXBJLDGFZ','2019-03-01 00:00:00','2019-03-01 00:00:00',0),(61,'86979474000208','哌拉西林他唑巴坦钠(特治星)','4.5g×1支','支','惠氏制药有限公司','110','101',50.50,'ZLXLTZBTN(TZX)','2019-03-01 00:00:00','2019-03-01 00:00:00',0),(62,'86979474000209','地黄颗粒','3g/10g/袋','袋','江阴天江药业有限公司','115','102',5.48,'DHKL','2019-03-01 00:00:00','2019-03-01 00:00:00',0),(63,'86979474000208','当归颗粒','4g/10g/袋','袋','江阴天江药业有限公司','115','102',68.19,'DGKL','2019-03-01 00:00:00','2019-03-01 00:00:00',0),(64,'86979474000209','维生素B1注射液','2ml:100mg×10支/盒','盒','杭州民生药业有限公司','110','101',12.70,'WSSB1ZSY','2019-03-01 00:00:00','2019-03-01 00:00:00',0),(65,'86979474000208','芒硝颗粒','10g/4g/袋','袋','江阴天江药业有限公司','115','102',13.00,'MXKL','2019-03-01 00:00:00','2019-03-01 00:00:00',0),(66,'86979474000208','生大黄颗粒','1g:3g/袋','袋','江阴天江药业有限公司','115','102',30.87,'SDHKL','2019-03-01 00:00:00','2019-03-01 00:00:00',0),(67,'86979474000209','虎杖颗粒','1g/15g/袋','袋','江阴天江药业有限公司','115','102',23.76,'HZKL','2019-03-01 00:00:00','2019-03-01 00:00:00',0),(68,'86979474000208','鱼腥草颗粒','1g/15g/袋','袋','江阴天江药业有限公司','115','102',14.89,'YXCKL','2019-03-01 00:00:00','2019-03-01 00:00:00',0),(69,'86979474000209','苦参颗粒','1g/10g/袋','袋','江阴天江药业有限公司','115','102',1.39,'KCKL','2019-03-01 00:00:00','2019-03-01 00:00:00',0),(70,'86979474000208','硫酸镁注射液','10ml:2.5g×5支/盒','盒','杭州民生药业有限公司','110','101',42.29,'LSMZSY','2019-03-01 00:00:00','2019-03-01 00:00:00',0),(71,'86979474000208','胡黄连','1000mg/g','克','进口','112','103',37.20,'HHL','2019-03-01 00:00:00','2019-03-01 00:00:00',0),(72,'86979474000209','虎杖','1000mg/g','克','江苏','112','103',16.01,'HZ','2019-03-01 00:00:00','2019-03-01 00:00:00',0),(73,'86979474000208','聚桂醇注射液','10ml:100mg×1支/盒','盒','陕西天宇制药有限公司S','110','101',12.87,'JGCZSY','2019-03-01 00:00:00','2019-03-01 00:00:00',0),(74,'86979474000209','康肤冲剂(I)','20g×10袋/盒','盒','南京市中西医结合医院','162','102',33.74,'KFCJ(I)','2019-03-01 00:00:00','2019-03-01 00:00:00',0),(75,'86979474000208','注射用头孢哌酮舒巴坦(舒普深)','1.5g×1瓶','瓶','辉瑞制药有限公司（大连）','110','101',2.07,'ZSYTZZTSBT(SPS)','2019-03-01 00:00:00','2019-03-01 00:00:00',0),(76,'86979474000208','清热通淋片','0.39g*48片/盒','盒','江西杏林白马药业有限公司','111','101',19.18,'QRTLP','2019-03-01 00:00:00','2019-03-01 00:00:00',0),(77,'86979474000209','康莱特注射液','10g×100ml/瓶','瓶','浙江康莱特药业有限公司','110','101',11.36,'KLTZSY','2019-03-01 00:00:00','2019-03-01 00:00:00',0),(78,'86979474000208','山茨菇','1000mg/g','克','贵州','112','103',70.02,'SCG','2019-03-01 00:00:00','2019-03-01 00:00:00',0),(79,'86979474000209','马来酸桂哌齐特注射液(克林澳)','80mg×1支','支','北京四环制药有限公司','110','101',67.66,'MLSGZQTZSY(KLA)','2019-03-01 00:00:00','2019-03-01 00:00:00',0),(80,'86979474000208','氯化镁','500g×1瓶','瓶','北京','157','101',6.25,'LHM','2019-03-01 00:00:00','2019-03-01 00:00:00',0),(81,'86979474000208','呋塞米注射液(速尿)','2ml:20mg×10支/盒','盒','上海禾丰制药有限公司','110','101',5.63,'ZSMZSY(SN)','2019-03-01 00:00:00','2019-03-01 00:00:00',0),(82,'86979474000209','注射用奈达铂（奥先达）','10mg×1支','支','江苏奥赛康药业股份有限公司','110','101',9.04,'ZSYNDB（AXD）','2019-03-01 00:00:00','2019-03-01 00:00:00',0),(83,'86979474000208','注射用夫西地酸钠','0.125g×1支','支','G成都天台山制药有限公司','110','101',44.97,'ZSYFXDSN','2019-03-01 00:00:00','2019-03-01 00:00:00',0),(84,'86979474000209','阳起石','1000mg/g','克','null','112','103',25.38,'YQS','2019-03-01 00:00:00','2019-03-01 00:00:00',0),(85,'86979474000208','铜绿假单胞菌注射液','1ml×1支','支','北京万特尔生物制药有限公司','110','101',37.76,'TLJDBJZSY','2019-03-01 00:00:00','2019-03-01 00:00:00',0),(86,'86979474000208','盐酸氟西汀胶囊(百忧解)','20mg×7粒/盒','盒','礼来苏州制药有限公司','111','101',15.61,'YSFXTJN(BYJ)','2019-03-01 00:00:00','2019-03-01 00:00:00',0),(87,'86979474000209','10%氯化钠注射液','10ml:1g×5支/盒','盒','湖北天圣康迪制药有限公司','110','101',4.50,'10%LHNZSY','2019-03-01 00:00:00','2019-03-01 00:00:00',0),(88,'86979474000208','注射用替考拉宁(他格适)','200mg×1瓶','瓶','赛诺菲(北京)制药有限公司','110','101',14.21,'ZSYTKLN(TGS)','2019-03-01 00:00:00','2019-03-01 00:00:00',0),(89,'86979474000209','石决明','1000mg/g','克','进口','112','103',10.74,'SJM','2019-03-01 00:00:00','2019-03-01 00:00:00',0),(90,'86979474000208','石榴皮','1000mg/g','克','null','112','103',9.49,'SLP','2019-03-01 00:00:00','2019-03-01 00:00:00',0),(91,'86979474000208','熟地','1000mg/g','克','江苏','112','103',55.10,'SD','2019-03-01 00:00:00','2019-03-01 00:00:00',0),(92,'86979474000209','水牛角片','1000mg/g','克','江苏','112','103',5.68,'SNJP','2019-03-01 00:00:00','2019-03-01 00:00:00',0),(93,'86979474000208','水蜈蚣','1000mg/g','克','null','112','103',2.20,'SZZ','2019-03-01 00:00:00','2019-03-01 00:00:00',0),(94,'86979474000209','水蛭','1000mg/g','克','江苏','112','103',71.56,'SZ','2019-03-01 00:00:00','2019-03-01 00:00:00',0),(95,'86979474000208','苏梗','1000mg/g','克','江苏','112','103',17.14,'SG','2019-03-01 00:00:00','2019-03-01 00:00:00',0),(96,'86979474000208','苏木','1000mg/g','克','null','112','103',34.06,'SM','2019-03-01 00:00:00','2019-03-01 00:00:00',0),(97,'86979474000209','太子参','1000mg/g','克','江苏','112','103',28.50,'TZC','2019-03-01 00:00:00','2019-03-01 00:00:00',0),(98,'86979474000208','檀香','1000mg/g','克','20101116','112','103',1.48,'TX','2019-03-01 00:00:00','2019-03-01 00:00:00',0),(99,'86979474000209','桃仁','1000mg/g','克','陕西','112','103',41.29,'TR','2019-03-01 00:00:00','2019-03-01 00:00:00',0),(100,'86979474000208','天冬','1000mg/g','克','湖北','112','103',38.04,'TD','2019-03-01 00:00:00','2019-03-01 00:00:00',0);
/*!40000 ALTER TABLE `drugs` ENABLE KEYS */;
UNLOCK TABLES;

--
-- Table structure for table `expenseclass`
--

DROP TABLE IF EXISTS `expenseclass`;
/*!40101 SET @saved_cs_client     = @@character_set_client */;
 SET character_set_client = utf8mb4 ;
CREATE TABLE `expenseclass` (
  `ID` int(9) NOT NULL AUTO_INCREMENT,
  `ExpCode` varchar(64) NOT NULL,
  `ExpName` varchar(64) NOT NULL,
  `DelMark` int(1) NOT NULL DEFAULT 0,
  PRIMARY KEY (`ID`)
) ENGINE=InnoDB DEFAULT CHARSET=utf8;
/*!40101 SET character_set_client = @saved_cs_client */;

--
-- Dumping data for table `expenseclass`
--

LOCK TABLES `expenseclass` WRITE;
/*!40000 ALTER TABLE `expenseclass` DISABLE KEYS */;
INSERT INTO `expenseclass` VALUES (1,'GHF','挂号费',0),(2,'ZLF','诊疗费',0),(3,'JYF','检验费',0),(4,'JYCLF','检验材料费',0),(5,'CSJCF','超声检查费',0),(6,'CSCLF','超声材料费',0),(7,'FSJCF','放射检查费',0),(8,'FSCLF','放射材料费',0),(9,'MRIJCF','MRI检查费',0),(10,'MRICLF','MRI材料费',0),(11,'CTJCF','CT检查费',0),(12,'CTCLF','CT材料费',0),(13,'XYF','西药费',0),(14,'ZCYF','中成药费',0),(15,'ZCYF','中草药费',0),(16,'CZF','处置费',0),(17,'CZCLF','处置材料费',0),(18,'MZF','麻醉费',0),(19,'MZYF','麻醉药费',0),(20,'MZSSF','门诊手术费',0),(21,'QT','其他',0);
/*!40000 ALTER TABLE `expenseclass` ENABLE KEYS */;
UNLOCK TABLES;

--
-- Table structure for table `fmeditem`
--

DROP TABLE IF EXISTS `fmeditem`;
/*!40101 SET @saved_cs_client     = @@character_set_client */;
 SET character_set_client = utf8mb4 ;
CREATE TABLE `fmeditem` (
  `id` int(9) NOT NULL AUTO_INCREMENT,
  `ItemCode` varchar(64) DEFAULT NULL,
  `ItemName` varchar(64) NOT NULL,
  `Format` varchar(64) DEFAULT NULL,
  `Price` decimal(8,2) DEFAULT NULL,
  `ExpClassID` int(9) DEFAULT NULL,
  `DeptId` int(9) NOT NULL,
  `DelMark` int(1) NOT NULL DEFAULT 0,
  PRIMARY KEY (`id`),
  KEY `Index_1` (`id`),
  constraint fmeditem_expenseclass_ID_fk
      foreign key (ExpClassID) references expenseclass (ID),
  constraint fmeditem_department_id_fk
      foreign key (DeptId) references department (id)
) ENGINE=InnoDB DEFAULT CHARSET=utf8;
/*!40101 SET character_set_client = @saved_cs_client */;

--
-- Dumping data for table `fmeditem`
--

LOCK TABLES `fmeditem` WRITE;
/*!40000 ALTER TABLE `fmeditem` DISABLE KEYS */;
INSERT INTO `fmeditem` VALUES (1,'120200001','大抢救','日',200.00,16,133,0),(2,'120200002','中抢救','日',150.00,16,133,0),(3,'120200003','小抢救','日',80.00,16,133,0),(4,'120300001','中心吸氧','小时',2.50,16,122,0),(5,'120300002','低流量吸氧','小时',2.00,16,122,0),(6,'120300003','高频吸氧','小时',4.00,16,122,0),(7,'120500001','大清创缝合','次',120.00,16,133,0),(8,'120500002','中清创缝合','次',80.00,16,133,0),(9,'120500003','小清创缝合','次',40.00,16,133,0),(10,'121000001','洗胃','次',40.00,16,133,0),(11,'120800002','肠内高营养治疗','日',5.00,16,133,0),(12,'121500001','灌肠','次',10.00,16,133,0),(13,'240100003','计算机治疗计划系统(TPS)','疗程',180.00,7,128,0),(14,'240100004','特定计算机治疗计划系统','疗程',500.00,7,128,0),(15,'240100004b','加速器适型治疗计划系统','疗程',500.00,7,128,0),(16,'240100004c','伽玛刀治疗计划系统','疗程',500.00,7,128,0),(17,'240100004d','X刀之TPS治疗计划系统','疗程',500.00,7,128,0),(18,'240100004e','逆向调强TPS及优化治疗计划系统','疗程',500.00,7,128,0),(19,'240100005','放射治疗的适时监控','次',50.00,7,128,0),(20,'210101001','普通透视','每个部位',5.00,7,128,0),(25,'210101002','食管钡餐透视','次',15.00,7,128,0),(26,'210101003','床旁透视与术中透视','半小时',40.00,7,128,0),(27,'210101004','C型臂术中透视','半小时',150.00,7,128,0),(28,'210103001','气脑造影','次',80.00,7,128,0),(29,'210103003','脑室碘水造影','次',60.00,7,128,0),(30,'210103004','X清肌酸激酶－MB同工酶活性测定（干化X法）','次',60.00,3,125,0),(31,'210103005','X清肌酸激酶－MB同工酶活性测定（金标法）','次',60.00,3,125,0),(32,'210103006','尿α1微量球蛋白测定（化X发光法）','单侧',50.00,3,125,0),(33,'210103007','β2微球蛋白测定（各种免疫X方法）','单侧',50.00,3,125,0),(34,'210103008','X清β2微球蛋白测定（化X发光法）','单侧',40.00,3,125,0),(35,'210103009','尿β2微球蛋白测定（化X发光法）','单侧',80.00,3,125,0),(36,'210103010','尿蛋白电泳分析（凝胶法）','单侧',70.00,3,125,0),(37,'210103011','X清抗谷氨酸脱J酶抗体测定（各种免疫X方法）','单侧',50.00,3,125,0),(38,'210103012','胃泌素测定（各种免疫X方法）','次',50.00,3,125,0),(39,'210103013','X浆凝X酶原时间测定(PT)(仪器法)','次',50.00,3,125,0),(40,'210103014','X清肌酸激酶－MB同工酶活性测定（速率法）','次',60.00,3,125,0),(41,'210103015','醛固酮测定（化X发光法、荧光免疫法）','次',50.00,3,125,0),(42,'210103016','尿儿茶酚胺测定（色谱法）','次',80.00,3,125,0),(43,'210103017','尿香草苦杏仁酸(VMA)测定（色谱法）','次',60.00,3,125,0),(44,'210103018','X浆肾素活性测定','次',80.00,3,125,0),(45,'210103019','X管紧张素Ⅱ测定','次',100.00,3,125,0),(46,'210103020','促红细胞生成素测定','次',50.00,3,125,0),(47,'210103021','睾酮测定（化X发光法、荧光免疫法）','次',80.00,3,125,0),(48,'210103022','葡萄糖测定（干化X法）(X清)','次',300.00,3,125,0),(49,'210103023','糖化X红蛋白测定（色谱法）','次',80.00,3,125,0),(50,'210103024','X浆乳酸测定','次',80.00,3,125,0),(51,'210103025','尿N-X-β-D-氨基葡萄糖苷酶测定','次',70.00,3,125,0),(52,'210103026','尿β-D-半乳糖苷酶测定','次',50.00,3,125,0),(53,'210103027','唐氏综合症筛查','单侧',70.00,3,125,0),(54,'210103028','雌三醇测定（化X发光法、荧光免疫法）','次',50.00,3,125,0),(55,'210103029','雌二醇测定（化X发光法、荧光免疫法）','次',50.00,3,125,0),(56,'210103030','孕酮测定（化X发光法、荧光免疫法）','单侧',50.00,3,125,0);
/*!40000 ALTER TABLE `fmeditem` ENABLE KEYS */;
UNLOCK TABLES;

--
-- Table structure for table `invoice`
--

DROP TABLE IF EXISTS `invoice`;
/*!40101 SET @saved_cs_client     = @@character_set_client */;
 SET character_set_client = utf8mb4 ;
CREATE TABLE `invoice` (
  `id` int(9) NOT NULL AUTO_INCREMENT,
  `InvoiceNum` varchar(64) NOT NULL,
  `Money` decimal(8,2) DEFAULT NULL,
  `State` int(1) NOT NULL COMMENT '0 - 作废\n            1 - 正常\n            2 - 重打\n            3 - 补打\n            4 - 红冲',
  `CreationTime` bigint(64) DEFAULT NULL,
  `UserId` int(9) NOT NULL,
  `DailyState` int(1) NOT NULL COMMENT '0 - 未日结审核\n            1 - 已经审核\n            默认值为0',
  PRIMARY KEY (`id`),
  constraint invoice_user_id_fk
      foreign key (UserId) references user (id)
) ENGINE=InnoDB AUTO_INCREMENT=1 DEFAULT CHARSET=utf8;
/*!40101 SET character_set_client = @saved_cs_client */;

--
-- Dumping data for table `invoice`
--

LOCK TABLES `invoice` WRITE;
/*!40000 ALTER TABLE `invoice` DISABLE KEYS */;
/*!40000 ALTER TABLE `invoice` ENABLE KEYS */;
UNLOCK TABLES;

--
-- Table structure for table `medicalrecord`
--

DROP TABLE IF EXISTS `medicalrecord`;
/*!40101 SET @saved_cs_client     = @@character_set_client */;
 SET character_set_client = utf8mb4 ;
CREATE TABLE `medicalrecord` (
  `id` int(9) NOT NULL AUTO_INCREMENT,
  `Register_Id` int(9) NOT NULL,
  `Medical_Readme` varchar(512) DEFAULT NULL,
  `Medical_Present` varchar(512) DEFAULT NULL,
  `Present_Treat` varchar(512) DEFAULT NULL,
  `Medical_History` varchar(512) DEFAULT NULL,
  `Medical_Allergy` varchar(512) DEFAULT NULL,
  `Medical_Physique` varchar(512) DEFAULT NULL,
  `Medical_Diagnosis` varchar(512) DEFAULT NULL,
  `Medical_Handling` varchar(512) DEFAULT NULL,
  `Case_State` int(9) NOT NULL,
  `DelMark` int(1) NOT NULL DEFAULT 0,
  PRIMARY KEY (`id`),
  KEY `Index_1` (`id`),
  constraint medicalrecord_register_id_fk
      foreign key (Register_Id) references register (id)
) ENGINE=InnoDB AUTO_INCREMENT=1 DEFAULT CHARSET=utf8;
/*!40101 SET character_set_client = @saved_cs_client */;

--
-- Dumping data for table `medicalrecord`
--

LOCK TABLES `medicalrecord` WRITE;
/*!40000 ALTER TABLE `medicalrecord` DISABLE KEYS */;
/*!40000 ALTER TABLE `medicalrecord` ENABLE KEYS */;
UNLOCK TABLES;

--
-- Table structure for table `patient`
--

DROP TABLE IF EXISTS `patient`;
/*!40101 SET @saved_cs_client     = @@character_set_client */;
 SET character_set_client = utf8mb4 ;
CREATE TABLE `patient` (
  `id` int(9) NOT NULL AUTO_INCREMENT,
  `name` varchar(45) DEFAULT NULL,
  `IDnumber` varchar(45) NOT NULL,
  `phone` varchar(45) DEFAULT NULL,
  `loginname` varchar(45) NOT NULL UNIQUE ,
  `gender` int(2) NOT NULL,
  `birthday` date NOT NULL,
  `homeAddress` varchar(64) NOT NULL,
  `password` varchar(45) NOT NULL,
  PRIMARY KEY (`id`)
) ENGINE=InnoDB AUTO_INCREMENT=1 DEFAULT CHARSET=utf8;
/*!40101 SET character_set_client = @saved_cs_client */;

--
-- Dumping data for table `patient`
--

LOCK TABLES `patient` WRITE;
/*!40000 ALTER TABLE `patient` DISABLE KEYS */;
/*!40000 ALTER TABLE `patient` ENABLE KEYS */;
UNLOCK TABLES;

--
-- Table structure for table `patientcosts`
--

DROP TABLE IF EXISTS `patientcosts`;
/*!40101 SET @saved_cs_client     = @@character_set_client */;
 SET character_set_client = utf8mb4 ;
CREATE TABLE `patientcosts` (
  `id` int(9) NOT NULL AUTO_INCREMENT,
  `InvoiceId` int(9) NOT NULL,
  `RegisterId` int(9) NOT NULL,
  `Name` varchar(64) DEFAULT NULL,
  `Price` decimal(8,2) DEFAULT NULL,
  `DeptId` int(9) NOT NULL,
  `State` int(1) NOT NULL,
  `DelMark` int(1) NOT NULL DEFAULT 0,
  PRIMARY KEY (`id`),
  constraint patientcosts_department_id_fk
      foreign key (DeptId) references department (id),
  constraint patientcosts_invoice_id_fk
      foreign key (InvoiceId) references invoice (id),
  constraint patientcosts_register_id_fk
      foreign key (RegisterId) references register (id)
) ENGINE=InnoDB AUTO_INCREMENT=1 DEFAULT CHARSET=utf8 COMMENT='在实际环境，患者查询费用明细情况较多，费用会从多张表中综合查询，性能较慢；为了提升性能，单独建立本表';
/*!40101 SET character_set_client = @saved_cs_client */;

--
-- Dumping data for table `patientcosts`
--

LOCK TABLES `patientcosts` WRITE;
/*!40000 ALTER TABLE `patientcosts` DISABLE KEYS */;
/*!40000 ALTER TABLE `patientcosts` ENABLE KEYS */;
UNLOCK TABLES;

--
-- Table structure for table `prescription`
--

DROP TABLE IF EXISTS `prescription`;
/*!40101 SET @saved_cs_client     = @@character_set_client */;
 SET character_set_client = utf8mb4 ;
CREATE TABLE `prescription` (
  `id` int(9) NOT NULL AUTO_INCREMENT,
  `Medical_Id` int(9) NOT NULL,
  `User_Id` int(9) NOT NULL,
  `Prescription_Name` varchar(64) DEFAULT NULL,
  `Prescription_State` int(1) NOT NULL,
  `Prescription_Time` bigint(64) DEFAULT NULL,
  `Invoice_id` int(9) DEFAULT NULL,
  `DelMark` int(1) NOT NULL DEFAULT 0,
  PRIMARY KEY (`id`),
  KEY `Index_1` (`id`),
  constraint prescription_user_id_fk
      foreign key (User_Id) references user (id),
  constraint prescription_medicalrecord_id_fk
      foreign key (Medical_Id) references medicalrecord (id),
  constraint prescription_invoice_id_fk
      foreign key (Invoice_id) references invoice (id)

) ENGINE=InnoDB AUTO_INCREMENT=1 DEFAULT CHARSET=utf8;
/*!40101 SET character_set_client = @saved_cs_client */;

--
-- Dumping data for table `prescription`
--

LOCK TABLES `prescription` WRITE;
/*!40000 ALTER TABLE `prescription` DISABLE KEYS */;
/*!40000 ALTER TABLE `prescription` ENABLE KEYS */;
UNLOCK TABLES;

--
-- Table structure for table `prescriptiondetailed`
--

DROP TABLE IF EXISTS `prescriptiondetailed`;
/*!40101 SET @saved_cs_client     = @@character_set_client */;
 SET character_set_client = utf8mb4 ;
CREATE TABLE `prescriptiondetailed` (
  `id` int(9) NOT NULL AUTO_INCREMENT,
  `PrescriptionId` int(9) NOT NULL,
  `DrugsId` int(9) NOT NULL,
  `Useage` varchar(64) DEFAULT NULL,
  `Dosage` varchar(64) DEFAULT NULL,
  `Frequency` varchar(64) DEFAULT NULL,
  `Price` decimal(8,2) DEFAULT NULL,
  `quantity` int(11) NOT NULL,
  PRIMARY KEY (`id`),
  KEY `Index_1` (`id`),
  constraint prescriptiondetailed_drugs_id_fk
      foreign key (DrugsId) references drugs (id),
  constraint prescriptiondetailed_prescription_id_fk
      foreign key (PrescriptionId) references prescription (id)
) ENGINE=InnoDB AUTO_INCREMENT=1 DEFAULT CHARSET=utf8;
/*!40101 SET character_set_client = @saved_cs_client */;

--
-- Dumping data for table `prescriptiondetailed`
--

LOCK TABLES `prescriptiondetailed` WRITE;
/*!40000 ALTER TABLE `prescriptiondetailed` DISABLE KEYS */;
/*!40000 ALTER TABLE `prescriptiondetailed` ENABLE KEYS */;
UNLOCK TABLES;

--
-- Table structure for table `register`
--

DROP TABLE IF EXISTS `register`;
/*!40101 SET @saved_cs_client     = @@character_set_client */;
 SET character_set_client = utf8mb4 ;
CREATE TABLE `register` (
  `id` int(9) NOT NULL AUTO_INCREMENT,
  `RealName` varchar(64) NOT NULL,
  `Gender` int(2) NOT NULL,
  `IDnumber` varchar(45) NOT NULL,
  `BirthDate` date NOT NULL,
  `Age` int(9) DEFAULT NULL,
  `HomeAddress` varchar(64) NOT NULL,
  `MedicalRecordId` int(9) DEFAULT NULL,
  `VisitDate` date NOT NULL,
  `Noon` int(9) NOT NULL,
  `DeptId` int(9) NOT NULL,
  `UserId` int(9) NOT NULL,
  `RegistId` int(9) NOT NULL,
  `SettleID` int(9) NOT NULL,
  `IsBook` int(1)  NOT NULL,
  `RegisterTime` bigint(64) NOT NULL,
  `RegisterID` int(9) DEFAULT NULL,
  `VisitState` int(9) NOT NULL,
  `patientID` int(9) NOT NULL,
  `scheduleId` int(9) NOT NULL,
  PRIMARY KEY (`id`),
  KEY `Index_1` (`id`),
  constraint register_medicalrecord_id_fk
      foreign key (MedicalRecordId) references medicalrecord (id),
  constraint register_department_id_fk
      foreign key (DeptId) references department (id),
  constraint register_patient_id_fk
      foreign key (patientID) references patient (id),
  constraint register_registlevel_id_fk
      foreign key (RegistId) references registlevel (id),
  constraint register_settlecategory_id_fk
      foreign key (SettleID) references settlecategory (id),
  constraint register_user_id_fk
      foreign key (RegisterID) references user (id),
  constraint register_user_id_fk_2
      foreign key (UserId) references user (id),
  constraint register_scheduling_id_fk
      foreign key (scheduleId) references scheduling (id)
) ENGINE=InnoDB AUTO_INCREMENT=1 DEFAULT CHARSET=utf8;
/*!40101 SET character_set_client = @saved_cs_client */;

--
-- Dumping data for table `register`
--

# LOCK TABLES `register` WRITE;
# /*!40000 ALTER TABLE `register` DISABLE KEYS */;
# INSERT INTO `register` VALUES (1,'ahillatty',1,'112222222','2020-01-01',1,0,'asdasdasd','1','2020-03-20',1,3,1,1,1,1,11111,1,0,0),(2,NULL,NULL,NULL,NULL,NULL,NULL,NULL,NULL,NULL,0,NULL,NULL,NULL,NULL,NULL,NULL,NULL,NULL,NULL);
# /*!40000 ALTER TABLE `register` ENABLE KEYS */;
# UNLOCK TABLES;

--
-- Table structure for table `registlevel`
--

DROP TABLE IF EXISTS `registlevel`;
/*!40101 SET @saved_cs_client     = @@character_set_client */;
 SET character_set_client = utf8mb4 ;
CREATE TABLE `registlevel` (
  `id` int(9) NOT NULL AUTO_INCREMENT,
  `RegistName` varchar(64) NOT NULL,
  `RegistFee` decimal(8,2) NOT NULL,
  `DelMark` int(1) NOT NULL DEFAULT 0,
  PRIMARY KEY (`id`),
  KEY `Index_1` (`id`)
) ENGINE=InnoDB DEFAULT CHARSET=utf8;
/*!40101 SET character_set_client = @saved_cs_client */;

--
-- Dumping data for table `registlevel`
--

LOCK TABLES `registlevel` WRITE;
/*!40000 ALTER TABLE `registlevel` DISABLE KEYS */;
/*!40000 ALTER TABLE `registlevel` ENABLE KEYS */;
UNLOCK TABLES;

--
-- Table structure for table `scheduling`
--

DROP TABLE IF EXISTS `scheduling`;
/*!40101 SET @saved_cs_client     = @@character_set_client */;
 SET character_set_client = utf8mb4 ;
CREATE TABLE `scheduling` (
  `id` int(9) NOT NULL AUTO_INCREMENT,
  `SchedDate` date NOT NULL,
  `DeptId` int(9) NOT NULL,
  `UserId` int(9) NOT NULL,
  `Noon` int(11) NOT NULL,
  `RegistQuota` int(9) NOT NULL,
  `State` int(1) DEFAULT NULL,
  `remainingQuota` int(9) NOT NULL ,
  PRIMARY KEY (`id`),
  KEY `Index_1` (`id`),
  constraint scheduling_department_id_fk
      foreign key (DeptId) references department (id),
  constraint scheduling_user_id_fk
      foreign key (UserId) references user (id)
) ENGINE=InnoDB AUTO_INCREMENT=1 DEFAULT CHARSET=utf8;
/*!40101 SET character_set_client = @saved_cs_client */;

--
-- Dumping data for table `scheduling`
--

# LOCK TABLES `scheduling` WRITE;
# /*!40000 ALTER TABLE `scheduling` DISABLE KEYS */;
# INSERT INTO `scheduling` VALUES (1,'2019-03-01',3,1,'1',3,0);
# /*!40000 ALTER TABLE `scheduling` ENABLE KEYS */;
# UNLOCK TABLES;

--
-- Table structure for table `settlecategory`
--

DROP TABLE IF EXISTS `settlecategory`;
/*!40101 SET @saved_cs_client     = @@character_set_client */;
 SET character_set_client = utf8mb4 ;
CREATE TABLE `settlecategory` (
  `id` int(9) NOT NULL AUTO_INCREMENT,
  `SettleName` varchar(64) NOT NULL,
  `DelMark` int(1) NOT NULL DEFAULT 0 COMMENT '1为删除',
  PRIMARY KEY (`id`)
) ENGINE=InnoDB AUTO_INCREMENT=1 DEFAULT CHARSET=utf8;
/*!40101 SET character_set_client = @saved_cs_client */;

--
-- Dumping data for table `settlecategory`
--

# LOCK TABLES `settlecategory` WRITE;
# /*!40000 ALTER TABLE `settlecategory` DISABLE KEYS */;
# INSERT INTO `settlecategory` VALUES (1,'zf','自费',1,1,0),(2,'yb','医保',0,2,0),(3,'nb','农保',0,3,0);
# /*!40000 ALTER TABLE `settlecategory` ENABLE KEYS */;
# UNLOCK TABLES;

--
-- Table structure for table `user`
-- Table structure for table `user`
--

DROP TABLE IF EXISTS `user`;
/*!40101 SET @saved_cs_client     = @@character_set_client */;
 SET character_set_client = utf8mb4 ;
CREATE TABLE `user` (
  `id` int(9) NOT NULL AUTO_INCREMENT,
  `UserName` varchar(64) NOT NULL,
  `Password` varchar(64) NOT NULL,
  `RealName` varchar(64) NOT NULL,
  `UserTypeID` int(9) NOT NULL COMMENT '1 - 挂号人员\n            2 - 门诊医生\n            3 - 医技医生\n            4 - 药房人员\n            5 - 财务人员\n            6 - 行政人员\n            ',
  `DocTitleID` int(9) DEFAULT NULL,
  `IsScheduling` int(9) DEFAULT NULL,
  `DeptId` int(9) DEFAULT NULL,
  `RegistId` int(9) DEFAULT NULL,
  `DelMark` int(1) NOT NULL DEFAULT 0,
  `IDnumber` varchar(20) DEFAULT NULL,
  PRIMARY KEY (`id`),
  KEY `Index_1` (`id`),
  constraint user_department_id_fk
      foreign key (DeptId) references department (id),
  constraint user_registlevel_id_fk
      foreign key (RegistId) references registlevel (id)

) ENGINE=InnoDB AUTO_INCREMENT=1 DEFAULT CHARSET=utf8;
/*!40101 SET character_set_client = @saved_cs_client */;

--
-- Dumping data for table `user`
--

# LOCK TABLES `user` WRITE;
# /*!40000 ALTER TABLE `user` DISABLE KEYS */;
# INSERT INTO `user` VALUES (1,'ahilla','123qwe','ahilla',1,1,1,3,1,0,'11111111111'),(2,'a','a','a',1,1,1,3,2,0,'111111'),(3,'aa',NULL,'aa',NULL,NULL,NULL,3,NULL,0,NULL),(4,'aa',NULL,'aa',NULL,NULL,NULL,3,NULL,0,NULL);
# /*!40000 ALTER TABLE `user` ENABLE KEYS */;
# UNLOCK TABLES;

--
-- Dumping events for database 'his'
--

--
-- Dumping routines for database 'his'
--
/*!40103 SET TIME_ZONE=@OLD_TIME_ZONE */;

/*!40101 SET SQL_MODE=@OLD_SQL_MODE */;
/*!40014 SET FOREIGN_KEY_CHECKS=@OLD_FOREIGN_KEY_CHECKS */;
/*!40014 SET UNIQUE_CHECKS=@OLD_UNIQUE_CHECKS */;
/*!40101 SET CHARACTER_SET_CLIENT=@OLD_CHARACTER_SET_CLIENT */;
/*!40101 SET CHARACTER_SET_RESULTS=@OLD_CHARACTER_SET_RESULTS */;
/*!40101 SET COLLATION_CONNECTION=@OLD_COLLATION_CONNECTION */;
/*!40111 SET SQL_NOTES=@OLD_SQL_NOTES */;

-- Dump completed on 2020-03-26 20:17:13
